"","Player","Position","Team","Salary14-15"
"3","Joe Johnson",", SF","Brooklyn Nets","$23,180,790"
"9","Deron Williams",", PG","Brooklyn Nets","$19,754,465"
"21","Brook Lopez",", C","Brooklyn Nets","$15,719,062"
"65","Jarrett Jack",", PG","Brooklyn Nets","$6,300,000"
"152","Mirza Teletovic",", PF","Brooklyn Nets","$3,368,100"
"157","Andrei Kirilenko",", SF","Brooklyn Nets","$3,326,235"
"264","Sergey Karasev",", SG","Brooklyn Nets","$1,533,840"
"282","Mason Plumlee",", C","Brooklyn Nets","$1,357,080"
"291","Alan Anderson",", SG","Brooklyn Nets","$1,276,061"
"330","Thaddeus Young",", PF","Brooklyn Nets","$9,410,869"
"422","Darius Morris",", PG","Brooklyn Nets","$702,756"
"433","Cory Jefferson",", PF","Brooklyn Nets","$507,336"
"468","Jorge Gutierrez",", PG","Brooklyn Nets","$96,056"
"32","Al Jefferson",", C","Charlotte Hornets","$13,500,000"
"53","Marvin Williams",", PF","Charlotte Hornets","$7,000,000"
"71","Gerald Henderson",", SG","Charlotte Hornets","$6,000,000"
"97","Michael Kidd-Gilchrist",", SF","Charlotte Hornets","$5,016,960"
"127","Cody Zeller",", PF","Charlotte Hornets","$4,030,560"
"132","Mo Williams",", PG","Charlotte Hornets","$3,965,074"
"137","Bismack Biyombo",", C","Charlotte Hornets","$3,873,398"
"164","Kemba Walker",", PG","Charlotte Hornets","$3,272,091"
"167","Gary Neal",", PG","Charlotte Hornets","$3,250,000"
"195","Brian Roberts",", PG","Charlotte Hornets","$2,732,000"
"204","Noah Vonleh",", PF","Charlotte Hornets","$2,524,200"
"305","P.J. Hairston",", SF","Charlotte Hornets","$1,149,720"
"334","Lance Stephenson",", SF","Charlotte Hornets","$9,000,000"
"383","Jason Maxiell",", PF","Charlotte Hornets","$915,243"
"384","Jannero Pargo",", PG","Charlotte Hornets","$915,243"
"385","Jeff Taylor",", SF","Charlotte Hornets","$915,243"
"405","Troy Daniels",", SG","Charlotte Hornets","$816,482"
"13","Derrick Rose",", PG","Chicago Bulls","$18,862,876"
"39","Joakim Noah",", C","Chicago Bulls","$12,700,000"
"49","Pau Gasol",", C","Chicago Bulls","$7,128,000"
"93","Nikola Mirotic",", PF","Chicago Bulls","$5,305,000"
"158","Mike Dunleavy",", SG","Chicago Bulls","$3,326,235"
"200","Kirk Hinrich",", SG","Chicago Bulls","$2,732,000"
"215","Doug McDermott",", SF","Chicago Bulls","$2,277,960"
"234","Jimmy Butler",", SG","Chicago Bulls","$2,008,748"
"271","Tony Snell",", SF","Chicago Bulls","$1,472,400"
"277","Mike James",", PG","Chicago Bulls","$1,448,490"
"288","Ronnie Brewer",", SF","Chicago Bulls","$1,310,286"
"379","E'Twaun Moore",", SG","Chicago Bulls","$948,163"
"7","LeBron James",", SF","Cleveland Cavaliers","$20,644,400"
"19","Kevin Love",", PF","Cleveland Cavaliers","$15,719,063"
"51","Kyrie Irving",", PG","Cleveland Cavaliers","$7,070,730"
"96","Tristan Thompson",", C","Cleveland Cavaliers","$5,138,430"
"198","Mike Miller",", SG","Cleveland Cavaliers","$2,732,000"
"218","Brendan Haywood",", C","Cleveland Cavaliers","$2,213,668"
"327","Anderson Varejao",", PF","Cleveland Cavaliers","$9,704,545"
"391","Shawn Marion",", SG","Cleveland Cavaliers","$915,243"
"396","Joe Harris",", SG","Cleveland Cavaliers","$884,879"
"435","Will Cherry",", PG","Cleveland Cavaliers","$495,399"
"27","Tyson Chandler",", C","Dallas Mavericks","$14,846,888"
"31","Chandler Parsons",", SF","Dallas Mavericks","$14,700,000"
"38","Rajon Rondo",", PG","Dallas Mavericks","$12,909,090"
"136","Devin Harris",", PG","Dallas Mavericks","$3,878,896"
"140","Raymond Felton",", PG","Dallas Mavericks","$3,793,693"
"344","Monta Ellis",", SG","Dallas Mavericks","$8,360,000"
"347","Dirk Nowitzki",", PF","Dallas Mavericks","$7,974,482"
"370","Al-Farouq Aminu",", SF","Dallas Mavericks","$981,084"
"392","Jae Crowder",", SF","Dallas Mavericks","$915,243"
"393","J.J. Barea",", PG","Dallas Mavericks","$909,859"
"451","Bernard James",", C","Dallas Mavericks","$236,886"
"22","David Lee",", PF","Golden State Warriors","$15,012,000"
"36","Andrew Bogut",", C","Golden State Warriors","$12,972,973"
"42","Andre Iguodala",", SF","Golden State Warriors","$12,289,544"
"92","Shaun Livingston",", PG","Golden State Warriors","$5,305,000"
"143","Marreese Speights",", C","Golden State Warriors","$3,657,500"
"173","Klay Thompson",", SG","Golden State Warriors","$3,075,880"
"174","Harrison Barnes",", SF","Golden State Warriors","$3,049,920"
"306","Brandon Rush",", SG","Golden State Warriors","$1,145,685"
"307","Hilton Armstrong",", PF","Golden State Warriors","$1,145,685"
"319","Stephen Curry",", PG","Golden State Warriors","$10,629,213"
"358","Festus Ezeli",", C","Golden State Warriors","$1,112,880"
"361","Nemanja Nedovic",", PG","Golden State Warriors","$1,104,240"
"404","Tony Mitchell",", PF","Golden State Warriors","$816,482"
"415","Justin Holiday",", SG","Golden State Warriors","$816,482"
"459","James Michael McAdoo",", SF","Golden State Warriors","$167,122"
"5","Dwight Howard",", C","Houston Rockets","$21,436,271"
"30","James Harden",", SG","Houston Rockets","$14,728,844"
"74","Jason Terry",", SG","Houston Rockets","$5,850,313"
"108","Kostas Papanikolaou",", SF","Houston Rockets","$4,797,664"
"226","Josh Smith",", C","Houston Rockets","$2,077,000"
"260","Terrence Jones",", PF","Houston Rockets","$1,618,680"
"270","Donatas Motiejunas",", PF","Houston Rockets","$1,483,920"
"302","Clint Capela",", C","Houston Rockets","$1,189,200"
"337","Trevor Ariza",", SF","Houston Rockets","$8,579,089"
"376","Joey Dorsey",", PF","Houston Rockets","$948,163"
"378","Jeremy Tyler",", C","Houston Rockets","$948,163"
"17","Paul George",", SF","Indiana Pacers","$15,937,290"
"25","Roy Hibbert",", C","Indiana Pacers","$14,898,938"
"104","Luis Scola",", PF","Indiana Pacers","$4,868,499"
"123","C.J. Miles",", SF","Indiana Pacers","$4,205,000"
"130","Ian Mahinmi",", C","Indiana Pacers","$4,000,000"
"172","Chris Copeland",", SF","Indiana Pacers","$3,135,000"
"227","C.J. Watson",", PG","Indiana Pacers","$2,077,000"
"289","Solomon Hill",", SF","Indiana Pacers","$1,302,840"
"362","Damjan Rudez",", SF","Indiana Pacers","$1,100,000"
"377","Donald Sloan",", PG","Indiana Pacers","$948,163"
"8","Chris Paul",", PG","Los Angeles Clippers","$20,068,563"
"14","Blake Griffin",", PF","Los Angeles Clippers","$17,674,613"
"58","J.J. Redick",", SG","Los Angeles Clippers","$6,792,500"
"85","Jamal Crawford",", SG","Los Angeles Clippers","$5,450,000"
"90","Spencer Hawes",", PF","Los Angeles Clippers","$5,305,000"
"151","Matt Barnes",", SF","Los Angeles Clippers","$3,396,250"
"168","Carlos Delfino",", SG","Los Angeles Clippers","$3,250,000"
"207","Austin Rivers",", PG","Los Angeles Clippers","$2,439,840"
"314","DeAndre Jordan",", C","Los Angeles Clippers","$11,440,123"
"360","C.J. Wilcox",", SG","Los Angeles Clippers","$1,109,760"
"442","Dahntay Jones",", SG","Los Angeles Clippers","$387,632"
"460","Jordan Hamilton",", SG","Los Angeles Clippers","$150,591"
"466","Nate Robinson",", PG","Los Angeles Clippers","$107,676"
"2","Kobe Bryant",", SF","Los Angeles Lakers","$23,500,000"
"101","Nick Young",", SF","Los Angeles Lakers","$4,994,420"
"165","Carlos Boozer",", PF","Los Angeles Lakers","$3,251,000"
"182","Julius Randle",", PF","Los Angeles Lakers","$2,997,360"
"259","Ryan Kelly",", PF","Los Angeles Lakers","$1,650,000"
"328","Steve Nash",", PG","Los Angeles Lakers","$9,701,000"
"335","Jordan Hill",", C","Los Angeles Lakers","$9,000,000"
"341","Jeremy Lin",", PG","Los Angeles Lakers","$8,374,646"
"366","Xavier Henry",", SG","Los Angeles Lakers","$1,082,000"
"369","Ed Davis",", C","Los Angeles Lakers","$981,084"
"390","Ronnie Price",", PG","Los Angeles Lakers","$915,243"
"470","Jabari Brown",", SG","Los Angeles Lakers","$59,686"
"15","Zach Randolph",", PF","Memphis Grizzlies","$16,500,000"
"18","Marc Gasol",", C","Memphis Grizzlies","$15,829,688"
"84","Courtney Lee",", SG","Memphis Grizzlies","$5,450,000"
"105","Tony Allen",", SF","Memphis Grizzlies","$4,831,461"
"134","Vince Carter",", SG","Memphis Grizzlies","$3,911,981"
"171","Quincy Pondexter",", SF","Memphis Grizzlies","$3,146,068"
"179","Kosta Koufos",", C","Memphis Grizzlies","$3,000,000"
"225","Beno Udrih",", PG","Memphis Grizzlies","$2,077,000"
"283","Jordan Adams",", SG","Memphis Grizzlies","$1,344,120"
"333","Jeff Green",", SF","Memphis Grizzlies","$9,200,000"
"336","Mike Conley",", PG","Memphis Grizzlies","$8,694,216"
"349","Tayshaun Prince",", SF","Memphis Grizzlies","$7,707,865"
"373","Jon Leuer",", PF","Memphis Grizzlies","$967,500"
"411","Nick Calathes",", SG","Memphis Grizzlies","$816,482"
"418","Jarnell Stokes",", PF","Memphis Grizzlies","$725,000"
"432","Russ Smith",", PG","Memphis Grizzlies","$507,336"
"436","Kalin Lucas",", PG","Memphis Grizzlies","$486,446"
"461","JaMychal Green",", PF","Memphis Grizzlies","$134,295"
"473","Tyrus Thomas",", PF","Memphis Grizzlies","$53,838"
"6","Chris Bosh",", PF","Miami Heat","$20,644,400"
"24","Dwyane Wade",", SG","Miami Heat","$15,000,000"
"88","Chris Andersen",", PF","Miami Heat","$5,375,000"
"91","Josh McRoberts",", PF","Miami Heat","$5,305,000"
"129","Mario Chalmers",", PG","Miami Heat","$4,000,000"
"196","Udonis Haslem",", PF","Miami Heat","$2,732,000"
"231","Norris Cole",", PG","Miami Heat","$2,038,206"
"295","Shabazz Napier",", PG","Miami Heat","$1,238,640"
"297","Shawne Williams",", SF","Miami Heat","$1,227,985"
"326","Luol Deng",", SF","Miami Heat","$9,714,461"
"416","Hassan Whiteside",", C","Miami Heat","$769,881"
"431","James Ennis",", SF","Miami Heat","$507,336"
"454","Tyler Johnson",", SG","Miami Heat","$199,950"
"455","Henry Walker",", SF","Miami Heat","$196,217"
"456","Michael Beasley",", SF","Miami Heat","$195,440"
"479","Andre Dawkins",", SG","Miami Heat","$29,843"
"43","Nikola Pekovic",", C","Minnesota Timberwolves","$12,100,000"
"57","Kevin Martin",", SG","Minnesota Timberwolves","$6,792,500"
"80","Anthony Bennett",", PF","Minnesota Timberwolves","$5,563,920"
"81","Andrew Wiggins",", SG","Minnesota Timberwolves","$5,510,640"
"99","Chase Budinger",", SF","Minnesota Timberwolves","$5,000,000"
"109","Corey Brewer",", SG","Minnesota Timberwolves","$4,702,500"
"110","Ricky Rubio",", PG","Minnesota Timberwolves","$4,660,479"
"230","Zach LaVine",", PG","Minnesota Timberwolves","$2,055,840"
"239","Shabazz Muhammad",", SF","Minnesota Timberwolves","$1,971,960"
"244","Adreian Payne",", PF","Minnesota Timberwolves","$1,855,320"
"267","Ronny Turiaf",", C","Minnesota Timberwolves","$1,500,000"
"268","Miroslav Raduljica",", C","Minnesota Timberwolves","$1,500,000"
"279","Gorgui Dieng",", C","Minnesota Timberwolves","$1,413,480"
"398","Robbie Hummel",", SF","Minnesota Timberwolves","$880,000"
"417","Jeff Adrien",", SF","Minnesota Timberwolves","$742,962"
"447","Lorenzo Brown",", PG","Minnesota Timberwolves","$283,367"
"26","Eric Gordon",", SG","New Orleans Pelicans","$14,898,938"
"79","Anthony Davis",", PF","New Orleans Pelicans","$5,607,240"
"236","John Salmons",", SF","New Orleans Pelicans","$2,000,000"
"315","Tyreke Evans",", SG","New Orleans Pelicans","$11,265,416"
"325","Jrue Holiday",", PG","New Orleans Pelicans","$9,904,495"
"340","Ryan Anderson",", PF","New Orleans Pelicans","$8,491,500"
"343","Omer Asik",", C","New Orleans Pelicans","$8,374,646"
"371","Luke Babbitt",", SF","New Orleans Pelicans","$981,084"
"372","Alexis Ajinca",", C","New Orleans Pelicans","$981,084"
"412","Jeff Withey",", C","New Orleans Pelicans","$816,482"
"420","Dante Cunningham",", PF","New Orleans Pelicans","$716,043"
"425","Gal Mekel",", PG","New Orleans Pelicans","$633,974"
"434","Patric Young",", PF","New Orleans Pelicans","$507,336"
"464","Toney Douglas",", PG","New Orleans Pelicans","$107,676"
"4","Carmelo Anthony",", SF","New York Knicks","$22,458,401"
"50","Jose Calderon",", PG","New York Knicks","$7,097,191"
"61","J.R. Smith",", SG","New York Knicks","$6,515,510"
"126","Samuel Dalembert",", C","New York Knicks","$4,051,527"
"162","Jason Smith",", PF","New York Knicks","$3,278,000"
"201","Iman Shumpert",", SG","New York Knicks","$2,616,975"
"258","Pablo Prigioni",", PG","New York Knicks","$1,662,961"
"261","Shane Larkin",", PG","New York Knicks","$1,606,080"
"275","Lamar Odom",", PF","New York Knicks","$1,448,490"
"292","Tim Hardaway Jr.",", SG","New York Knicks","$1,250,640"
"313","Andrea Bargnani",", C","New York Knicks","$11,500,000"
"354","Arnett Moultrie",", PF","New York Knicks","$1,136,160"
"382","Cole Aldrich",", C","New York Knicks","$915,243"
"439","Lou Amundson",", PF","New York Knicks","$409,167"
"446","Amar'e Stoudemire",", PF","New York Knicks","$306,876"
"453","Langston Galloway",", SG","New York Knicks","$235,762"
"478","Ricky Ledo",", SG","New York Knicks","$48,028"
"11","Kevin Durant",", SF","Oklahoma City Thunder","$18,995,624"
"20","Russell Westbrook",", PG","Oklahoma City Thunder","$15,719,062"
"41","Serge Ibaka",", PF","Oklahoma City Thunder","$12,350,000"
"125","Dion Waiters",", SG","Oklahoma City Thunder","$4,062,000"
"169","Anthony Morrow",", SG","Oklahoma City Thunder","$3,200,000"
"180","D.J. Augustin",", PG","Oklahoma City Thunder","$3,000,000"
"217","Nick Collison",", PF","Oklahoma City Thunder","$2,242,003"
"219","Reggie Jackson",", PG","Oklahoma City Thunder","$2,204,369"
"220","Jeremy Lamb",", SG","Oklahoma City Thunder","$2,202,000"
"222","Steven Adams",", C","Oklahoma City Thunder","$2,184,960"
"280","Mitch McGary",", PF","Oklahoma City Thunder","$1,400,040"
"304","Andre Roberson",", SG","Oklahoma City Thunder","$1,160,880"
"355","Perry Jones",", SF","Oklahoma City Thunder","$1,129,200"
"365","Kyle Singler",", SF","Oklahoma City Thunder","$1,090,000"
"389","Sebastian Telfair",", PG","Oklahoma City Thunder","$915,243"
"400","Ish Smith",", PG","Oklahoma City Thunder","$861,405"
"440","Lance Thomas",", SF","Oklahoma City Thunder","$403,784"
"448","Kendrick Perkins",", C","Oklahoma City Thunder","$274,573"
"35","Eric Bledsoe",", PG","Phoenix Suns","$13,000,000"
"47","Isaiah Thomas",", PG","Phoenix Suns","$7,238,606"
"76","P.J. Tucker",", SF","Phoenix Suns","$5,700,000"
"98","Brandan Wright",", PF","Phoenix Suns","$5,000,000"
"145","Alex Len",", C","Phoenix Suns","$3,649,920"
"147","Brandon Knight",", PG","Phoenix Suns","$3,553,917"
"148","Gerald Green",", SG","Phoenix Suns","$3,500,000"
"183","Markieff Morris",", PF","Phoenix Suns","$2,989,239"
"185","Marcus Morris",", PF","Phoenix Suns","$2,943,221"
"240","T.J. Warren",", SF","Phoenix Suns","$1,953,120"
"253","Zoran Dragic",", SG","Phoenix Suns","$1,706,225"
"262","Tyler Ennis",", PG","Phoenix Suns","$1,590,720"
"299","Shavlik Randolph",", PF","Phoenix Suns","$1,227,985"
"301","Reggie Bullock",", SF","Phoenix Suns","$1,200,720"
"303","Miles Plumlee",", C","Phoenix Suns","$1,169,880"
"339","Marcus Thornton",", SF","Phoenix Suns","$8,575,000"
"352","Goran Dragic",", PG","Phoenix Suns","$7,500,000"
"359","Archie Goodwin",", SG","Phoenix Suns","$1,112,280"
"458","Earl Barron",", C","Phoenix Suns","$183,049"
"475","A.J. Price",", PG","Phoenix Suns","$53,838"
"477","Seth Curry",", SG","Phoenix Suns","$48,028"
"16","LaMarcus Aldridge",", PF","Portland Trail Blazers","$16,006,000"
"46","Wesley Matthews",", SG","Portland Trail Blazers","$7,245,640"
"69","Robin Lopez",", C","Portland Trail Blazers","$6,124,729"
"106","Chris Kaman",", C","Portland Trail Blazers","$4,800,000"
"142","Thomas Robinson",", PF","Portland Trail Blazers","$3,678,360"
"153","Damian Lillard",", PG","Portland Trail Blazers","$3,340,920"
"170","Dorell Wright",", SF","Portland Trail Blazers","$3,150,000"
"178","Joel Freeland",", C","Portland Trail Blazers","$3,013,512"
"209","C.J. McCollum",", SG","Portland Trail Blazers","$2,421,000"
"213","Meyers Leonard",", PF","Portland Trail Blazers","$2,317,920"
"281","Victor Claver",", PF","Portland Trail Blazers","$1,370,000"
"311","Nicolas Batum",", SG","Portland Trail Blazers","$11,765,500"
"351","Arron Afflalo",", SG","Portland Trail Blazers","$7,500,000"
"399","Allen Crabbe",", SF","Portland Trail Blazers","$862,000"
"471","Tim Frazier",", PG","Portland Trail Blazers","$59,686"
"10","Rudy Gay",", SF","Sacramento Kings","$19,317,326"
"29","DeMarcus Cousins",", PF","Sacramento Kings","$14,746,000"
"62","Carl Landry",", PF","Sacramento Kings","$6,500,000"
"64","Derrick Williams",", PF","Sacramento Kings","$6,331,404"
"70","Jason Thompson",", PF","Sacramento Kings","$6,037,500"
"107","Darren Collison",", PG","Sacramento Kings","$4,797,664"
"176","Ben McLemore",", SG","Sacramento Kings","$3,026,280"
"194","Nik Stauskas",", SG","Sacramento Kings","$2,745,840"
"249","Reggie Evans",", C","Sacramento Kings","$1,768,653"
"273","Scotty Hopson",", SG","Sacramento Kings","$1,450,878"
"380","Ryan Hollins",", C","Sacramento Kings","$915,243"
"409","Ray McCallum",", PG","Sacramento Kings","$816,482"
"429","Sim Bhullar",", C","Sacramento Kings","$507,336"
"457","Quincy Miller",", SF","Sacramento Kings","$183,049"
"480","David Stockton",", PG","Sacramento Kings","$29,483"
"40","Tony Parker",", PG","San Antonio Spurs","$12,500,000"
"52","Manu Ginobili",", SG","San Antonio Spurs","$7,000,000"
"128","Danny Green",", SG","San Antonio Spurs","$4,025,000"
"138","Patty Mills",", PG","San Antonio Spurs","$3,842,105"
"187","Kawhi Leonard",", SF","San Antonio Spurs","$2,894,059"
"189","Marco Belinelli",", SG","San Antonio Spurs","$2,873,750"
"228","Aron Baynes",", C","San Antonio Spurs","$2,077,000"
"233","Cory Joseph",", PG","San Antonio Spurs","$2,023,261"
"245","Jeff Ayres",", PF","San Antonio Spurs","$1,828,750"
"322","Tim Duncan",", C","San Antonio Spurs","$10,361,446"
"332","Tiago Splitter",", C","San Antonio Spurs","$9,250,000"
"350","Boris Diaw",", C","San Antonio Spurs","$7,500,000"
"363","Kyle Anderson",", SF","San Antonio Spurs","$1,093,680"
"388","Matt Bonner",", C","San Antonio Spurs","$915,243"
"445","Reggie Williams",", SF","San Antonio Spurs","$344,036"
"476","Austin Daye",", SF","San Antonio Spurs","$53,838"
"44","Kyle Lowry",", PG","Toronto Raptors","$12,000,000"
"54","Amir Johnson",", PF","Toronto Raptors","$7,000,000"
"63","Greivis Vasquez",", PG","Toronto Raptors","$6,400,000"
"68","Landry Fields",", SG","Toronto Raptors","$6,250,000"
"73","Chuck Hayes",", PF","Toronto Raptors","$5,958,750"
"75","Patrick Patterson",", PF","Toronto Raptors","$5,831,326"
"83","Louis Williams",", SG","Toronto Raptors","$5,450,000"
"141","Jonas Valanciunas",", C","Toronto Raptors","$3,678,360"
"156","Tyler Hansbrough",", PF","Toronto Raptors","$3,326,235"
"190","Terrence Ross",", SF","Toronto Raptors","$2,793,960"
"205","James Johnson",", PF","Toronto Raptors","$2,500,000"
"250","Lucas Nogueira",", C","Toronto Raptors","$1,762,680"
"272","Bruno Caboclo",", SF","Toronto Raptors","$1,458,360"
"324","DeMar DeRozan",", SG","Toronto Raptors","$10,100,000"
"444","Ronald Roberts Jr.",", PF","Toronto Raptors","$373,041"
"37","Derrick Favors",", PF","Utah Jazz","$12,950,000"
"77","Enes Kanter",", C","Utah Jazz","$5,694,674"
"146","Dante Exum",", PG","Utah Jazz","$3,615,000"
"150","Steve Novak",", SF","Utah Jazz","$3,445,947"
"175","Alec Burks",", SG","Utah Jazz","$3,034,356"
"203","Trey Burke",", PG","Utah Jazz","$2,548,560"
"247","Jeremy Evans",", SF","Utah Jazz","$1,794,871"
"290","Rodney Hood",", SG","Utah Jazz","$1,290,360"
"356","Rudy Gobert",", C","Utah Jazz","$1,127,400"
"410","Carrick Felix",", SG","Utah Jazz","$816,482"
"443","Patrick Christopher",", SG","Utah Jazz","$379,010"
"450","Elijah Millsap",", SG","Utah Jazz","$241,731"
"462","Elliot Williams",", SG","Utah Jazz","$107,676"
"465","Chris Johnson",", SF","Utah Jazz","$107,676"
"469","Bryce Cotton",", PG","Utah Jazz","$92,514"
"472","Jack Cooley",", SF","Utah Jazz","$59,686"
"28","John Wall",", PG","Washington Wizards","$14,746,000"
"33","Nene Hilario",", C","Washington Wizards","$13,000,000"
"86","Martell Webster",", SF","Washington Wizards","$5,381,750"
"112","Andre Miller",", PG","Washington Wizards","$4,650,000"
"114","Bradley Beal",", SG","Washington Wizards","$4,505,280"
"117","Otto Porter Jr.",", SF","Washington Wizards","$4,470,480"
"121","Kris Humphries",", PF","Washington Wizards","$4,250,000"
"135","Kevin Seraphin",", C","Washington Wizards","$3,898,692"
"186","Will Bynum",", PG","Washington Wizards","$2,915,908"
"224","Ramon Sessions",", PG","Washington Wizards","$2,077,000"
"235","DeJuan Blair",", C","Washington Wizards","$2,000,000"
"284","Melvin Ely",", C","Washington Wizards","$1,316,809"
"321","Marcin Gortat",", C","Washington Wizards","$10,434,782"
"368","Garrett Temple",", SG","Washington Wizards","$981,084"
"374","Josh Harrellson",", C","Washington Wizards","$948,163"
"381","Drew Gooden",", PF","Washington Wizards","$915,243"
"387","Rasual Butler",", SF","Washington Wizards","$915,243"
"403","Glen Rice Jr.",", SG","Washington Wizards","$816,482"
"467","Toure' Murry",", SF","Washington Wizards","$96,056"
"66","Kyle Korver",", SG","Atlanta Hawks","$6,253,521"
"124","Thabo Sefolosha",", SG","Atlanta Hawks","$4,150,000"
"154","Mike Scott",", PF","Atlanta Hawks","$3,333,333"
"206","DeMarre Carroll",", SF","Atlanta Hawks","$2,442,455"
"208","Shelvin Mack",", PG","Atlanta Hawks","$2,433,333"
"237","Kent Bazemore",", SF","Atlanta Hawks","$2,000,000"
"256","Dennis Schroder",", PG","Atlanta Hawks","$1,690,680"
"285","John Jenkins",", SG","Atlanta Hawks","$1,312,920"
"294","Pero Antic",", PF","Atlanta Hawks","$1,250,000"
"310","Al Horford",", C","Atlanta Hawks","$12,000,000"
"329","Paul Millsap",", PF","Atlanta Hawks","$9,500,000"
"346","Jeff Teague",", PG","Atlanta Hawks","$8,000,000"
"413","Mike Muscala",", PF","Atlanta Hawks","$816,482"
"48","Avery Bradley",", PG","Boston Celtics","$7,191,011"
"55","Brandon Bass",", PF","Boston Celtics","$6,900,000"
"160","Marcus Smart",", PG","Boston Celtics","$3,283,320"
"163","Evan Turner",", SG","Boston Celtics","$3,278,000"
"223","Vitor Faverani",", C","Boston Celtics","$2,090,000"
"229","Kelly Olynyk",", C","Boston Celtics","$2,075,760"
"255","Tyler Zeller",", C","Boston Celtics","$1,703,760"
"257","James Young",", SG","Boston Celtics","$1,674,480"
"278","Jared Sullinger",", C","Boston Celtics","$1,424,520"
"323","Gerald Wallace",", SF","Boston Celtics","$10,105,855"
"407","Phil Pressey",", PG","Boston Celtics","$816,482"
"414","Erik Jay Murphy",", PF","Boston Celtics","$816,482"
"59","Wilson Chandler",", SF","Denver Nuggets","$6,757,913"
"87","JJ Hickson",", C","Denver Nuggets","$5,381,750"
"113","Timofey Mozgov",", C","Denver Nuggets","$4,650,000"
"149","Darrell Arthur",", PF","Denver Nuggets","$3,457,149"
"181","Randy Foye",", SG","Denver Nuggets","$3,000,000"
"197","Jameer Nelson",", PG","Denver Nuggets","$2,732,000"
"216","Kenneth Faried",", PF","Denver Nuggets","$2,249,768"
"248","Joffrey Lauvergne",", C","Denver Nuggets","$1,790,281"
"251","Jusuf Nurkic",", C","Denver Nuggets","$1,762,680"
"266","Gary Harris",", SG","Denver Nuggets","$1,519,200"
"312","Ty Lawson",", PG","Denver Nuggets","$11,595,506"
"318","Danilo Gallinari",", SF","Denver Nuggets","$10,854,850"
"72","Jodie Meeks",", SG","Detroit Pistons","$6,000,000"
"82","Greg Monroe",", C","Detroit Pistons","$5,479,934"
"115","Caron Butler",", SF","Detroit Pistons","$4,500,000"
"116","Jonas Jerebko",", PF","Detroit Pistons","$4,500,000"
"139","Joel Anthony",", C","Detroit Pistons","$3,800,000"
"191","Kentavious Caldwell-Pope",", SG","Detroit Pistons","$2,772,480"
"202","Andre Drummond",", C","Detroit Pistons","$2,568,360"
"252","Luigi Datome",", SF","Detroit Pistons","$1,750,000"
"293","Hasheem Thabeet",", C","Detroit Pistons","$1,250,000"
"296","Aaron Gray",", C","Detroit Pistons","$1,227,985"
"308","Cartier Martin",", PF","Detroit Pistons","$1,145,685"
"423","Spencer Dinwiddie",", PG","Detroit Pistons","$700,000"
"449","John Lucas III",", PG","Detroit Pistons","$269,189"
"60","Jason Richardson",", SG","Philadelphia 76ers","$6,601,125"
"94","Keith Bogans",", SG","Philadelphia 76ers","$5,285,817"
"118","Joel Embiid",", C","Philadelphia 76ers","$4,427,640"
"119","Luc Richard Mbah a Moute",", PF","Philadelphia 76ers","$4,382,576"
"159","Nerlens Noel",", PF","Philadelphia 76ers","$3,315,120"
"161","Alexey Shved",", PG","Philadelphia 76ers","$3,282,056"
"184","Furkan Aldemir",", PF","Philadelphia 76ers","$2,963,232"
"214","Michael Carter-Williams",", PG","Philadelphia 76ers","$2,300,040"
"300","Tony Wroten",", SG","Philadelphia 76ers","$1,210,080"
"316","JaVale McGee",", C","Philadelphia 76ers","$11,250,000"
"357","Marquis Teague",", PG","Philadelphia 76ers","$1,120,920"
"367","Robert Covington",", SF","Philadelphia 76ers","$1,000,000"
"395","Jerami Grant",", SF","Philadelphia 76ers","$884,879"
"402","Isaiah Canaan",", PG","Philadelphia 76ers","$816,842"
"421","Malcolm Lee",", SG","Philadelphia 76ers","$710,659"
"424","Malcolm Thomas",", PF","Philadelphia 76ers","$635,827"
"427","JaKarr Sampson",", SG","Philadelphia 76ers","$507,336"
"428","Pierre Jackson",", PG","Philadelphia 76ers","$507,336"
"437","Drew Gordon",", C","Philadelphia 76ers","$468,540"
"95","Zaza Pachulia",", C","Milwaukee Bucks","$5,200,000"
"103","Jabari Parker",", PF","Milwaukee Bucks","$4,930,560"
"120","Jared Dudley",", SG","Milwaukee Bucks","$4,250,000"
"238","John Henson",", PF","Milwaukee Bucks","$1,987,320"
"242","Giannis Antetokounmpo",", SF","Milwaukee Bucks","$1,873,200"
"286","Josh Powell",", PF","Milwaukee Bucks","$1,310,286"
"317","Larry Sanders",", C","Milwaukee Bucks","$11,000,000"
"345","O.J. Mayo",", SG","Milwaukee Bucks","$8,000,000"
"348","Ersan Ilyasova",", PF","Milwaukee Bucks","$7,900,000"
"401","Damien Inglis",", SF","Milwaukee Bucks","$820,000"
"426","Johnny O'Bryant III",", PF","Milwaukee Bucks","$600,000"
"438","Kenyon Martin",", PF","Milwaukee Bucks","$414,551"
"102","Victor Oladipo",", SG","Orlando Magic","$4,978,200"
"131","Aaron Gordon",", PF","Orlando Magic","$3,992,040"
"192","Nikola Vucevic",", C","Orlando Magic","$2,751,260"
"193","Luke Ridnour",", PG","Orlando Magic","$2,750,000"
"211","Elfrid Payton",", PG","Orlando Magic","$2,397,840"
"212","Tobias Harris",", SF","Orlando Magic","$2,380,594"
"241","Maurice Harkless",", SF","Orlando Magic","$1,887,840"
"246","Anthony Randolph",", SF","Orlando Magic","$1,825,359"
"263","Andrew Nicholson",", PF","Orlando Magic","$1,545,840"
"269","Evan Fournier",", SF","Orlando Magic","$1,483,920"
"274","Willie Green",", SG","Orlando Magic","$1,448,490"
"338","Channing Frye",", PF","Orlando Magic","$8,579,088"
"394","Devyn Marble",", SF","Orlando Magic","$884,879"
"406","Peyton Siva",", PG","Orlando Magic","$816,482"
