"","X","No.","Player","Pos","Ht","Wt","Birth.Date","Exp","College","Team","Longitude","Latitude"
"1",1,"19","Furkan Aldemir","PF","6-10",240,"August 9 1991","R","No college / university","76ers",NA,NA
"2",2,"0","Isaiah Canaan","PG","6-0",201,"May 21 1991","1","Murray State University","76ers",-88.323493,36.61241
"3",3,"1","Michael Carter-Williams","PG","6-6",190,"October 10 1991","1","Syracuse University","76ers",-76.136738,43.040525
"4",4,"33","Robert Covington","SF","6-9",215,"December 14 1990","1","Tennessee State University","76ers",-86.82937,36.16899
"5",5,"0","Brandon Davies","PF","6-10",240,"July 25 1991","1","Brigham Young University","76ers",-111.649281,40.250851
"6",6,"7","Larry Drew","PG","6-2",180,"March 5 1990","R","University of California Los Angeles","76ers",-118.443901,34.068892
"7",7,"20","Tim Frazier","PG","6-1",170,"November 1 1990","R","Pennsylvania State University","76ers",-77.861644,40.800732
"8",8,"30","Drew Gordon","PF","6-9",245,"July 12 1990","R","University of New Mexico","76ers",-106.620155,35.083868
"9",9,"39","Jerami Grant","SF","6-8",210,"March 12 1994","R","Syracuse University","76ers",-76.136738,43.040525
"10",10,"16","Chris Johnson","SF","6-6",206,"April 29 1990","2","University of Dayton","76ers",-84.173662,39.73686
"11",11,"11","Malcolm Lee","SG","6-5",200,"May 22 1990","2","University of California Los Angeles","76ers",-118.443901,34.068892
"12",12,"12","Luc Mbah a Moute","PF","6-8",230,"September 9 1986","6","University of California Los Angeles","76ers",-118.443901,34.068892
"13",13,"14","K.J. McDaniels","SG","6-6",205,"February 9 1993","R","Clemson University","76ers",-82.834463,34.677329
"14",14,"1","JaVale McGee","C","7-0",270,"January 19 1988","6","University of Nevada Reno","76ers",-119.821651,39.549352
"15",15,"4","Nerlens Noel","C","6-11",228,"April 10 1994","R","University of Kentucky","76ers",-84.509177,38.032393
"16",16,"23","Jason Richardson","SG","6-6",220,"January 20 1981","12","Michigan State University","76ers",-84.473639,42.72476
"17",17,"1","Glenn Robinson III","SF","6-7",222,"January 8 1994","R","University of Michigan","76ers",-83.74313,42.276172
"18",18,"41","Thomas Robinson","PF","6-10",237,"March 17 1991","2","University of Kansas","76ers",-95.24587,38.957351
"19",19,"9","JaKarr Sampson","SF","6-9",214,"March 20 1993","R","St. John's University","76ers",-73.795301,40.721979
"20",20,"88","Alexey Shved","SG","6-6",190,"December 16 1988","2","No college / university","76ers",NA,NA
"21",21,"35","Henry Sims","C","6-10",248,"March 27 1990","2","Georgetown University","76ers",-77.073463,38.908809
"22",22,"5","Ish Smith","PG","6-0",175,"July 5 1988","4","Wake Forest University","76ers",-80.279004,36.135301
"23",23,"11","Malcolm Thomas","PF","6-9",225,"November 8 1988","3","San Diego State University","76ers",-117.071228,32.77525
"24",24,"31","Hollis Thompson","SG","6-8",206,"April 3 1991","1","Georgetown University","76ers",-77.073463,38.908809
"25",25,"8","Tony Wroten","SG","6-6",205,"April 13 1993","2","University of Washington","76ers",-122.313115,47.656213
"26",26,"34","Giannis Antetokounmpo","SG","6-11",222,"December 6 1994","1","No college / university","Bucks",NA,NA
"27",27,"19","Jerryd Bayless","PG","6-3",200,"August 20 1988","6","University of Arizona","Bucks",-110.950769,32.232071
"28",29,"9","Jared Dudley","SG","6-7",225,"July 10 1985","7","Boston College","Bucks",-71.171488,42.337688
"29",30,"11","Tyler Ennis","PG","6-3",194,"August 24 1994","R","Syracuse University","Bucks",-76.136738,43.040525
"30",31,"13","Jorge Gutierrez","PG","6-3",191,"December 27 1988","1","University of California","Bucks",-122.260401,37.871519
"31",32,"31","John Henson","C","6-11",229,"December 28 1990","2","University of North Carolina","Bucks",-79.050969,35.912165
"32",33,"7","Ersan Ilyasova","PF","6-10",235,"May 15 1987","6","No college / university","Bucks",NA,NA
"33",35,"11","Brandon Knight","PG","6-3",189,"December 2 1991","3","University of Kentucky","Bucks",-84.509177,38.032393
"34",36,"5","Kendall Marshall","PG","6-4",200,"August 19 1991","2","University of North Carolina","Bucks",-79.050969,35.912165
"35",37,"6","Kenyon Martin","PF","6-9",234,"December 30 1977","14","University of Cincinnati","Bucks",-84.51428,39.131159
"36",38,"0","O.J. Mayo","SG","6-5",210,"November 5 1987","6","University of Southern California","Bucks",-118.283858,34.021058
"37",39,"22","Khris Middleton","SF","6-8",234,"August 12 1991","2","Texas A&amp;M University","Bucks",-96.340322,30.613226
"38",40,"3","Johnny O'Bryant","PF","6-9",257,"June 1 1993","R","Louisiana State University","Bucks",-91.196656,30.552111
"39",41,"27","Zaza Pachulia","C","6-11",270,"February 10 1984","11","No college / university","Bucks",NA,NA
"40",42,"12","Jabari Parker","SF","6-8",250,"March 15 1995","R","Duke University","Bucks",-78.94226,36.00159
"41",43,"21","Miles Plumlee","C","6-11",249,"September 1 1988","2","Duke University","Bucks",-78.94226,36.00159
"42",44,"8","Larry Sanders","C","6-11",235,"November 21 1988","4","Virginia Commonwealth University","Bucks",-77.453597,37.547631
"43",45,"6","Nate Wolters","PG","6-4",190,"May 15 1991","1","South Dakota State University","Bucks",-96.783415,44.31942
"44",46,"41","Cameron Bairstow","PF","6-9",250,"December 7 1990","R","University of New Mexico","Bulls",-106.620155,35.083868
"45",47,"0","Aaron Brooks","PG","6-0",161,"January 14 1985","6","University of Oregon","Bulls",-123.07398,44.044515
"46",48,"21","Jimmy Butler","SG","6-7",220,"September 14 1989","3","Marquette University","Bulls",-87.928121,43.038766
"47",49,"34","Mike Dunleavy","SF","6-9",230,"September 15 1980","12","Duke University","Bulls",-78.94226,36.00159
"48",50,"16","Pau Gasol","PF","7-0",250,"July 6 1980","13","No college / university","Bulls",NA,NA
"49",51,"22","Taj Gibson","PF","6-9",225,"June 24 1985","5","University of Southern California","Bulls",-118.283858,34.021058
"50",52,"12","Kirk Hinrich","SG","6-4",190,"January 2 1981","11","University of Kansas","Bulls",-95.24587,38.957351
"51",53,"3","Doug McDermott","SF","6-8",225,"January 3 1992","R","Creighton University","Bulls",-95.947029,41.265325
"52",54,"44","Nikola Mirotic","PF","6-10",220,"February 11 1991","R","No college / university","Bulls",NA,NA
"53",55,"48","Nazr Mohammed","C","6-10",221,"September 5 1977","16","University of Kentucky","Bulls",-84.509177,38.032393
"54",56,"55","E'Twaun Moore","SG","6-4",191,"February 28 1989","3","Purdue University","Bulls",-86.914435,40.428206
"55",57,"13","Joakim Noah","C","6-11",232,"February 25 1985","7","University of Florida","Bulls",-82.361195,29.638248
"56",58,"1","Derrick Rose","PG","6-3",190,"October 4 1988","5","University of Memphis","Bulls",-89.982038,35.115934
"57",59,"20","Tony Snell","SF","6-7",200,"November 10 1991","1","University of New Mexico","Bulls",-106.620155,35.083868
"58",60,"89","Lou Amundson","PF","6-9",220,"December 7 1982","8","University of Nevada Las Vegas","Cavaliers",-115.141153,36.106994
"59",61,"5","Will Cherry","PG","6-0",185,"February 8 1991","R","University of Montana","Cavaliers",-113.98294,46.861074
"60",62,"8","Matthew Dellavedova","SG","6-4",198,"September 8 1990","1","Saint Mary's College of California","Cavaliers",-122.106795,37.83997
"61",63,"12","Joe Harris","SG","6-6",219,"September 7 1991","R","University of Virginia","Cavaliers",-78.502599,38.036546
"62",64,"33","Brendan Haywood","C","7-0",268,"November 27 1979","12","University of North Carolina","Cavaliers",-79.050969,35.912165
"63",65,"2","Kyrie Irving","PG","6-3",193,"March 23 1992","3","Duke University","Cavaliers",-78.94226,36.00159
"64",66,"23","LeBron James","SF","6-8",250,"December 30 1984","11","No college / university","Cavaliers",NA,NA
"65",67,"1","James Jones","SF","6-8",218,"October 4 1980","11","University of Miami","Cavaliers",-80.27645,25.720406
"66",68,"53","Alex Kirk","C","7-0",245,"November 14 1991","R","University of New Mexico","Cavaliers",-106.620155,35.083868
"67",69,"0","Kevin Love","PF","6-10",251,"September 7 1988","6","University of California Los Angeles","Cavaliers",-118.443901,34.068892
"68",70,"31","Shawn Marion","SF","6-7",220,"May 7 1978","15","University of Nevada Las Vegas","Cavaliers",-115.141153,36.106994
"69",71,"18","Mike Miller","SF","6-8",218,"February 19 1980","14","University of Florida","Cavaliers",-82.361195,29.638248
"70",72,"20","Timofey Mozgov","C","7-1",275,"July 16 1986","4","No college / university","Cavaliers",NA,NA
"71",73,"3","Kendrick Perkins","C","6-10",270,"November 10 1984","11","No college / university","Cavaliers",NA,NA
"72",74,"21","A.J. Price","PG","6-2",181,"October 7 1986","5","University of Connecticut","Cavaliers",-72.249519,41.808205
"73",75,"4","Iman Shumpert","SG","6-5",220,"June 26 1990","3","Georgia Institute of Technology","Cavaliers",-84.396019,33.773732
"74",76,"5","J.R. Smith","SG","6-6",225,"September 9 1985","10","No college / university","Cavaliers",NA,NA
"75",77,"13","Tristan Thompson","PF","6-9",238,"March 13 1991","3","University of Texas at Austin","Cavaliers",-97.739429,30.286604
"76",78,"17","Anderson Varejao","C","6-10",273,"September 28 1982","10","No college / university","Cavaliers",NA,NA
"77",79,"3","Dion Waiters","SG","6-4",225,"December 10 1991","2","Syracuse University","Cavaliers",-76.136738,43.040525
"78",80,"30","Brandon Bass","PF","6-8",250,"April 30 1985","9","Louisiana State University","Celtics",-91.196656,30.552111
"79",81,"0","Avery Bradley","SG","6-2",180,"November 26 1990","4","University of Texas at Austin","Celtics",-97.739429,30.286604
"80",82,"99","Jae Crowder","SF","6-6",235,"July 6 1990","2","Marquette University","Celtics",-87.928121,43.038766
"81",83,"70","Luigi Datome","SF","6-8",215,"November 27 1987","1","No college / university","Celtics",NA,NA
"82",84,"8","Jeff Green","SF","6-9",235,"August 28 1986","6","Georgetown University","Celtics",-77.073463,38.908809
"83",85,"8","Jonas Jerebko","PF","6-10",231,"March 2 1987","4","No college / university","Celtics",NA,NA
"84",86,"28","Jameer Nelson","PG","6-0",190,"February 9 1982","10","Saint Joseph's University","Celtics",-75.238343,39.994442
"85",87,"41","Kelly Olynyk","C","7-0",238,"April 19 1991","1","Gonzaga University","Celtics",-117.403062,47.668144
"86",88,"12","Dwight Powell","PF","6-11",240,"July 20 1991","R","Stanford University","Celtics",-122.182212,37.431746
"87",89,"26","Phil Pressey","PG","5-11",175,"February 17 1991","1","University of Missouri","Celtics",-92.326429,38.941015
"88",90,"12","Tayshaun Prince","SF","6-9",212,"February 28 1980","12","University of Kentucky","Celtics",-84.509177,38.032393
"89",91,"42","Shavlik Randolph","PF","6-10",240,"November 24 1983","7","Duke University","Celtics",-78.94226,36.00159
"90",92,"9","Rajon Rondo","PG","6-1",186,"February 22 1986","8","University of Kentucky","Celtics",-84.509177,38.032393
"91",93,"36","Marcus Smart","PG","6-4",220,"March 6 1994","R","Oklahoma State University","Celtics",-97.069743,36.123085
"92",94,"7","Jared Sullinger","PF","6-9",260,"March 4 1992","2","Ohio State University","Celtics",-83.009001,39.998389
"93",95,"4","Isaiah Thomas","PG","5-9",185,"February 7 1989","3","University of Washington","Celtics",-122.313115,47.656213
"94",96,"4","Marcus Thornton","SG","6-4",205,"June 5 1987","5","Louisiana State University","Celtics",-91.196656,30.552111
"95",97,"11","Evan Turner","SG","6-7",220,"October 27 1988","4","Ohio State University","Celtics",-83.009001,39.998389
"96",98,"45","Gerald Wallace","SF","6-7",215,"July 23 1982","13","University of Alabama","Celtics",-86.63842,34.722818
"97",99,"12","Brandan Wright","PF","6-10",210,"October 5 1987","6","University of North Carolina","Celtics",-79.050969,35.912165
"98",100,"13","James Young","SG","6-6",215,"August 16 1995","R","University of Kentucky","Celtics",-84.509177,38.032393
"99",101,"44","Tyler Zeller","C","7-0",253,"January 17 1990","2","University of North Carolina","Celtics",-79.050969,35.912165
"100",102,"22","Matt Barnes","SF","6-7",226,"March 9 1980","11","University of California Los Angeles","Clippers",-118.443901,34.068892
"101",103,"25","Reggie Bullock","SF","6-7",205,"March 16 1991","1","University of North Carolina","Clippers",-79.050969,35.912165
"102",104,"11","Jamal Crawford","SG","6-5",195,"March 20 1980","14","University of Michigan","Clippers",-83.74313,42.276172
"103",105,"9","Jared Cunningham","SG","6-4",195,"May 22 1991","2","Oregon State University","Clippers",-123.274721,44.56274
"104",106,"0","Glen Davis","PF","6-9",289,"January 1 1986","7","Louisiana State University","Clippers",-91.196656,30.552111
"105",107,"14","Chris Douglas-Roberts","SG","6-7",200,"January 8 1987","5","University of Memphis","Clippers",-89.982038,35.115934
"106",108,"1","Jordan Farmar","PG","6-2",180,"November 30 1986","7","University of California Los Angeles","Clippers",-118.443901,34.068892
"107",109,"32","Blake Griffin","PF","6-10",251,"March 16 1989","4","University of Oklahoma","Clippers",-97.445692,35.208152
"108",110,"1","Jordan Hamilton","SF","6-7",220,"October 6 1990","3","University of Texas at Austin","Clippers",-97.739429,30.286604
"109",111,"10","Spencer Hawes","PF","7-1",245,"April 28 1988","7","University of Washington","Clippers",-122.313115,47.656213
"110",112,"14","Lester Hudson","SG","6-3",190,"August 7 1984","3","University of Tennessee at Martin","Clippers",-97.739429,30.286604
"111",113,"31","Dahntay Jones","SF","6-6",225,"December 27 1980","10","Duke University","Clippers",-78.94226,36.00159
"112",114,"6","DeAndre Jordan","C","6-11",265,"July 21 1988","6","Texas A&amp;M University","Clippers",-96.340322,30.613226
"113",115,"3","Chris Paul","PG","6-0",175,"May 6 1985","9","Wake Forest University","Clippers",-80.279004,36.135301
"114",116,"4","J.J. Redick","SG","6-4",190,"June 24 1984","8","Duke University","Clippers",-78.94226,36.00159
"115",117,"25","Austin Rivers","PG","6-4",200,"August 1 1992","2","Duke University","Clippers",-78.94226,36.00159
"116",118,"8","Nate Robinson","PG","5-9",180,"May 31 1984","9","University of Washington","Clippers",-122.313115,47.656213
"117",119,"15","Hedo Turkoglu","SF","6-10",220,"March 19 1979","14","No college / university","Clippers",NA,NA
"118",120,"13","Ekpe Udoh","PF","6-10",240,"May 20 1987","4","Baylor University","Clippers",-97.119359,31.545956
"119",121,"30","C.J. Wilcox","SG","6-5",195,"December 30 1990","R","University of Washington","Clippers",-122.313115,47.656213
"120",122,"3","Jordan Adams","SG","6-5",209,"July 8 1994","R","University of California Los Angeles","Griz",-118.443901,34.068892
"121",123,"9","Tony Allen","SG","6-4",213,"January 11 1982","10","Oklahoma State University","Griz",-97.069743,36.123085
"122",124,"12","Nick Calathes","SG","6-6",213,"February 7 1989","1","University of Florida","Griz",-82.361195,29.638248
"123",125,"15","Vince Carter","SG","6-6",220,"January 26 1977","16","University of North Carolina","Griz",-79.050969,35.912165
"124",126,"11","Mike Conley","PG","6-1",175,"October 11 1987","7","Ohio State University","Griz",-83.009001,39.998389
"125",127,"33","Marc Gasol","C","7-1",255,"January 29 1985","6","No college / university","Griz",NA,NA
"126",128,"0","JaMychal Green","PF","6-9",227,"June 21 1990","R","University of Alabama","Griz",-86.63842,34.722818
"127",130,"41","Kosta Koufos","C","7-0",265,"February 24 1989","6","Ohio State University","Griz",-83.009001,39.998389
"128",131,"5","Courtney Lee","SG","6-5",200,"October 3 1985","6","Western Kentucky University","Griz",-86.455898,36.985718
"129",132,"30","Jon Leuer","PF","6-10",228,"May 14 1989","3","University of Wisconsin","Griz",-89.405356,43.073858
"130",133,"27","Kalin Lucas","PG","6-1",195,"May 24 1989","R","Michigan State University","Griz",-84.473639,42.72476
"131",134,"8","Quincy Pondexter","SG","6-7",220,"March 10 1988","4","University of Washington","Griz",-122.313115,47.656213
"132",136,"50","Zach Randolph","PF","6-9",260,"July 16 1981","13","Michigan State University","Griz",-84.473639,42.72476
"133",137,"2","Russ Smith","PG","6-0",165,"April 19 1991","R","University of Louisville","Griz",-85.758843,38.215752
"134",138,"1","Jarnell Stokes","PF","6-9",263,"January 7 1994","R","University of Tennessee","Griz",-83.929696,35.955093
"135",139,"13","Tyrus Thomas","PF","6-9",215,"August 17 1986","7","Louisiana State University","Griz",-91.196656,30.552111
"136",140,"19","Beno Udrih","PG","6-3",205,"July 5 1982","10","No college / university","Griz",NA,NA
"137",141,"6","Pero Antic","PF","6-11",260,"July 29 1982","1","No college / university","Hawks",NA,NA
"138",142,"24","Kent Bazemore","SG","6-5",201,"July 1 1989","2","Old Dominion University","Hawks",-76.309653,36.884919
"139",143,"7","Elton Brand","PF","6-8",275,"March 11 1979","15","Duke University","Hawks",-78.94226,36.00159
"140",144,"5","DeMarre Carroll","SF","6-8",212,"July 27 1986","5","University of Missouri","Hawks",-92.326429,38.941015
"141",145,"3","Austin Daye","SF","6-11",220,"June 5 1988","5","Gonzaga University","Hawks",-117.403062,47.668144
"142",146,"15","Al Horford","C","6-10",245,"June 3 1986","7","University of Florida","Hawks",-82.361195,29.638248
"143",147,"12","John Jenkins","SG","6-4",215,"March 6 1991","2","Vanderbilt University","Hawks",-86.804875,36.14443
"144",148,"26","Kyle Korver","SG","6-7",212,"March 17 1981","11","Creighton University","Hawks",-95.947029,41.265325
"145",149,"8","Shelvin Mack","PG","6-3",203,"April 22 1990","3","Butler University","Hawks",-86.171791,39.840662
"146",150,"4","Paul Millsap","PF","6-8",246,"February 10 1985","8","Louisiana Tech University","Hawks",-92.64964,32.525518
"147",151,"31","Mike Muscala","PF","6-11",240,"July 1 1991","1","Bucknell University","Hawks",-76.886275,40.954489
"148",152,"33","Adreian Payne","PF","6-10",237,"February 19 1991","R","Michigan State University","Hawks",-84.473639,42.72476
"149",153,"17","Dennis Schroder","PG","6-1",172,"September 15 1993","1","No college / university","Hawks",NA,NA
"150",154,"32","Mike Scott","PF","6-8",237,"July 16 1988","2","University of Virginia","Hawks",-78.502599,38.036546
"151",155,"25","Thabo Sefolosha","SF","6-7",220,"May 2 1984","8","No college / university","Hawks",NA,NA
"152",156,"0","Jeff Teague","PG","6-2",186,"June 10 1988","5","Wake Forest University","Hawks",-80.279004,36.135301
"153",157,"11","Chris Andersen","C","6-10",245,"July 7 1978","12","Blinn College","Heat",-96.409677,30.159713
"154",158,"30","Michael Beasley","SF","6-9",235,"January 9 1989","6","Kansas State University","Heat",-96.581077,39.188616
"155",159,"1","Chris Bosh","C","6-11",235,"March 24 1984","11","Georgia Institute of Technology","Heat",-84.396019,33.773732
"156",160,"26","Shannon Brown","SG","6-4",205,"November 29 1985","8","Michigan State University","Heat",-84.473639,42.72476
"157",161,"15","Mario Chalmers","PG","6-2",190,"May 19 1986","6","University of Kansas","Heat",-95.24587,38.957351
"158",162,"30","Norris Cole","PG","6-2",175,"October 13 1988","3","Cleveland State University","Heat",-81.673052,41.502918
"159",163,"24","Andre Dawkins","SG","6-5",215,"September 19 1991","R","Duke University","Heat",-78.94226,36.00159
"160",164,"9","Luol Deng","SF","6-9",220,"April 16 1985","10","Duke University","Heat",-78.94226,36.00159
"161",165,"7","Goran Dragic","PG","6-3",190,"May 6 1986","6","No college / university","Heat",NA,NA
"162",166,"12","Zoran Dragic","SG","6-5",200,"June 22 1989","R","No college / university","Heat",NA,NA
"163",167,"32","James Ennis","SF","6-7",210,"July 1 1990","R","California State University Long Beach","Heat",-118.1123,33.782752
"164",168,"22","Danny Granger","SF","6-9",222,"April 20 1983","9","University of New Mexico","Heat",-106.620155,35.083868
"165",169,"7","Justin Hamilton","C","7-0",260,"April 1 1990","1","Louisiana State University","Heat",-91.196656,30.552111
"166",170,"40","Udonis Haslem","PF","6-8",235,"June 9 1980","11","University of Florida","Heat",-82.361195,29.638248
"167",171,"8","Tyler Johnson","SG","6-4",186,"May 7 1992","R","California State University Fresno","Heat",-119.748258,36.814477
"168",172,"4","Josh McRoberts","PF","6-10",240,"February 28 1987","7","Duke University","Heat",-78.94226,36.00159
"169",173,"13","Shabazz Napier","PG","6-1",175,"July 14 1991","R","University of Connecticut","Heat",-72.249519,41.808205
"170",174,"3","Dwyane Wade","SG","6-4",220,"January 17 1982","11","Marquette University","Heat",-87.928121,43.038766
"171",175,"5","Henry Walker","SF","6-6",220,"October 9 1987","4","Kansas State University","Heat",-96.581077,39.188616
"172",176,"21","Hassan Whiteside","C","7-0",265,"June 13 1989","2","Marshall University","Heat",-82.43065,38.42261
"173",177,"43","Shawne Williams","SF","6-9",225,"February 16 1986","6","University of Memphis","Heat",-89.982038,35.115934
"174",178,"8","Bismack Biyombo","C","6-9",245,"August 28 1992","3","No college / university","Hornets",NA,NA
"175",179,"30","Troy Daniels","SG","6-4",205,"July 15 1991","1","Virginia Commonwealth University","Hornets",-77.453597,37.547631
"176",180,"19","P.J. Hairston","SG","6-6",230,"December 24 1992","R","University of North Carolina","Hornets",-79.050969,35.912165
"177",181,"9","Gerald Henderson","SG","6-5",215,"December 9 1987","5","Duke University","Hornets",-78.94226,36.00159
"178",182,"25","Al Jefferson","C","6-10",289,"January 4 1985","10","No college / university","Hornets",NA,NA
"179",183,"14","Michael Kidd-Gilchrist","SF","6-7",232,"September 26 1993","2","University of Kentucky","Hornets",-84.509177,38.032393
"180",184,"54","Jason Maxiell","PF","6-7",260,"February 18 1983","9","University of Cincinnati","Hornets",-84.51428,39.131159
"181",185,"12","Gary Neal","SG","6-4",210,"October 3 1984","4","Towson University","Hornets",-76.612268,39.393008
"182",186,"5","Jannero Pargo","PG","6-1",175,"October 22 1979","10","University of Arkansas","Hornets",-94.178214,36.06153
"183",187,"22","Brian Roberts","PG","6-1",173,"December 3 1985","2","University of Dayton","Hornets",-84.173662,39.73686
"184",188,"1","Lance Stephenson","SG","6-5",230,"September 5 1990","4","University of Cincinnati","Hornets",-84.51428,39.131159
"185",189,"44","Jeffery Taylor","SF","6-7",225,"May 23 1989","2","Vanderbilt University","Hornets",-86.804875,36.14443
"186",190,"11","Noah Vonleh","PF","6-10",240,"August 24 1995","R","Indiana University","Hornets",-86.526904,39.166383
"187",191,"15","Kemba Walker","PG","6-1",172,"May 8 1990","3","University of Connecticut","Hornets",-72.249519,41.808205
"188",192,"2","Marvin Williams","PF","6-9",237,"June 19 1986","9","University of North Carolina","Hornets",-79.050969,35.912165
"189",193,"7","Mo Williams","PG","6-1",198,"December 19 1982","11","University of Alabama","Hornets",-86.63842,34.722818
"190",194,"40","Cody Zeller","C","7-0",240,"October 5 1992","1","Indiana University","Hornets",-86.526904,39.166383
"191",195,"22","Jerrelle Benimon","PF","6-8",245,"August 1 1991","R","Towson University","Jazz",-76.612268,39.393008
"192",196,"33","Trevor Booker","PF","6-8",228,"November 25 1987","4","Clemson University","Jazz",-82.834463,34.677329
"193",197,"3","Trey Burke","PG","6-1",191,"November 12 1992","1","University of Michigan","Jazz",-83.74313,42.276172
"194",198,"10","Alec Burks","SG","6-6",214,"July 20 1991","3","University of Colorado","Jazz",-105.267061,40.004415
"195",199,"19","Patrick Christopher","SG","6-5",209,"June 3 1988","R","University of California","Jazz",-122.260401,37.871519
"196",200,"21","Ian Clark","SG","6-3",175,"March 7 1991","1","Belmont University","Jazz",-86.794715,36.133866
"197",201,"45","Jack Cooley","PF","6-9",260,"April 4 1991","R","University of Notre Dame","Jazz",-86.238959,41.703058
"198",202,"8","Bryce Cotton","PG","6-1",165,"August 11 1992","R","Providence College","Jazz",-71.43792,41.844064
"199",203,"40","Jeremy Evans","SF","6-9",196,"October 24 1987","4","Western Kentucky University","Jazz",-86.455898,36.985718
"200",204,"11","Dante Exum","PG","6-6",190,"July 13 1995","R","No college / university","Jazz",NA,NA
"201",205,"15","Derrick Favors","PF","6-10",265,"July 15 1991","4","Georgia Institute of Technology","Jazz",-84.396019,33.773732
"202",206,"27","Rudy Gobert","C","7-1",245,"June 26 1992","1","No college / university","Jazz",NA,NA
"203",207,"20","Gordon Hayward","SF","6-8",226,"March 23 1990","4","Butler University","Jazz",-86.171791,39.840662
"204",208,"5","Rodney Hood","SG","6-8",206,"October 20 1992","R","Duke University","Jazz",-78.94226,36.00159
"205",209,"2","Joe Ingles","SF","6-8",226,"October 2 1987","R","No college / university","Jazz",NA,NA
"206",210,"17","Grant Jerrett","PF","6-10",235,"July 8 1993","R","University of Arizona","Jazz",-110.950769,32.232071
"207",212,"0","Enes Kanter","C","6-11",245,"May 20 1992","3","No college / university","Jazz",NA,NA
"208",213,"13","Elijah Millsap","SG","6-6",225,"August 12 1987","R","University of Alabama at Birmingham","Jazz",-86.80917,33.50223
"209",214,"23","Toure' Murry","PG","6-5",195,"November 8 1989","1","Wichita State University","Jazz",-97.296733,37.716484
"210",215,"16","Steve Novak","SF","6-10",225,"June 13 1983","8","Marquette University","Jazz",-87.928121,43.038766
"211",216,"25","Elliot Williams","SG","6-5",190,"June 20 1989","2","University of Memphis","Jazz",-89.982038,35.115934
"212",217,"32","Sim Bhullar","C","7-5",360,"December 2 1992","R","New Mexico State University","Kings",-106.747841,32.282875
"213",218,"18","Omri Casspi","SF","6-9",225,"June 22 1988","5","No college / university","Kings",NA,NA
"214",219,"7","Darren Collison","PG","6-0",175,"August 23 1987","5","University of California Los Angeles","Kings",-118.443901,34.068892
"215",220,"15","DeMarcus Cousins","C","6-11",270,"August 13 1990","4","University of Kentucky","Kings",-84.509177,38.032393
"216",221,"30","Reggie Evans","PF","6-8",245,"May 18 1980","12","University of Iowa","Kings",-91.535698,41.660695
"217",222,"8","Rudy Gay","SF","6-8",230,"August 17 1986","8","University of Connecticut","Kings",-72.249519,41.808205
"218",223,"5","Ryan Hollins","C","7-0",240,"October 10 1984","8","University of California Los Angeles","Kings",-118.443901,34.068892
"219",224,"24","Carl Landry","PF","6-9",248,"September 19 1983","7","Purdue University","Kings",-86.914435,40.428206
"220",225,"3","Ray McCallum","PG","6-3",190,"June 12 1991","1","University of Detroit Mercy","Kings",-83.138369,42.417168
"221",226,"23","Ben McLemore","SG","6-5",195,"February 11 1993","1","University of Kansas","Kings",-95.24587,38.957351
"222",227,"22","Andre Miller","PG","6-3",200,"March 19 1976","15","University of Utah","Kings",-111.846044,40.762484
"223",228,"20","Quincy Miller","PF","6-9",210,"November 18 1992","2","Baylor University","Kings",-97.119359,31.545956
"224",229,"25","Eric Moreland","PF","6-10",238,"December 24 1991","R","Oregon State University","Kings",-123.274721,44.56274
"225",230,"9","Ramon Sessions","PG","6-3",190,"April 11 1986","7","University of Nevada Reno","Kings",-119.821651,39.549352
"226",231,"10","Nik Stauskas","SG","6-6",205,"October 7 1993","R","University of Michigan","Kings",-83.74313,42.276172
"227",232,"9","David Stockton","PG","5-11",165,"June 24 1991","R","Gonzaga University","Kings",-117.403062,47.668144
"228",233,"34","Jason Thompson","PF","6-11",250,"July 21 1986","6","Rider University","Kings",-74.742822,40.283122
"229",234,"31","David Wear","PF","6-10",230,"September 21 1990","R","University of California Los Angeles","Kings",-118.443901,34.068892
"230",235,"13","Derrick Williams","PF","6-8",240,"May 25 1991","3","University of Arizona","Kings",-110.950769,32.232071
"231",236,"4","Quincy Acy","PF","6-7",240,"October 6 1990","2","Baylor University","Knicks",-97.119359,31.545956
"232",237,"45","Cole Aldrich","C","6-11",250,"October 31 1988","4","University of Kansas","Knicks",-95.24587,38.957351
"233",239,"7","Carmelo Anthony","SF","6-8",240,"May 29 1984","11","Syracuse University","Knicks",-76.136738,43.040525
"234",240,"77","Andrea Bargnani","C","7-0",245,"October 26 1985","8","No college / university","Knicks",NA,NA
"235",241,"3","Jose Calderon","PG","6-3",200,"September 28 1981","9","No college / university","Knicks",NA,NA
"236",242,"11","Samuel Dalembert","C","6-11",255,"May 10 1981","12","Seton Hall University","Knicks",-74.248753,40.742859
"237",243,"17","Cleanthony Early","SF","6-8",210,"April 17 1991","R","Wichita State University","Knicks",-97.296733,37.716484
"238",244,"2","Langston Galloway","PG","6-2",200,"December 9 1991","R","Saint Joseph's University","Knicks",-75.238343,39.994442
"239",245,"5","Tim Hardaway","SG","6-6",205,"March 16 1992","1","University of Michigan","Knicks",-83.74313,42.276172
"240",246,"0","Shane Larkin","PG","5-11",175,"October 2 1992","1","University of Miami","Knicks",-80.27645,25.720406
"241",247,"11","Ricky Ledo","SG","6-7",195,"September 10 1992","1","No college / university","Knicks",NA,NA
"242",248,"9","Pablo Prigioni","PG","6-3",185,"May 17 1977","2","No college / university","Knicks",NA,NA
"243",252,"14","Jason Smith","C","7-0",245,"March 2 1986","6","Colorado State University","Knicks",-105.08083,40.574759
"244",253,"1","Amar'e Stoudemire","PF","6-10",245,"November 16 1982","12","No college / university","Knicks",NA,NA
"245",254,"42","Lance Thomas","PF","6-8",235,"April 24 1988","3","Duke University","Knicks",-78.94226,36.00159
"246",255,"6","Travis Wear","SF","6-10",230,"September 21 1990","R","University of California Los Angeles","Knicks",-118.443901,34.068892
"247",256,"28","Tarik Black","C","6-9",250,"November 22 1991","R","University of Kansas","Lakers",-95.24587,38.957351
"248",257,"12","Vander Blue","SG","6-4",200,"July 17 1992","1","Marquette University","Lakers",-87.928121,43.038766
"249",258,"5","Carlos Boozer","PF","6-9",258,"November 20 1981","12","Duke University","Lakers",-78.94226,36.00159
"250",259,"15","Jabari Brown","SG","6-4",215,"December 18 1992","R","University of Missouri","Lakers",-92.326429,38.941015
"251",260,"24","Kobe Bryant","SG","6-6",212,"August 23 1978","18","No college / university","Lakers",NA,NA
"252",261,"20","Dwight Buycks","PG","6-3",190,"March 6 1989","1","Marquette University","Lakers",-87.928121,43.038766
"253",262,"6","Jordan Clarkson","PG","6-5",185,"June 7 1992","R","University of Missouri","Lakers",-92.326429,38.941015
"254",263,"21","Ed Davis","PF","6-10",240,"June 5 1989","4","University of North Carolina","Lakers",-79.050969,35.912165
"255",264,"2","Wayne Ellington","SG","6-4",200,"October 29 1987","5","University of North Carolina","Lakers",-79.050969,35.912165
"256",265,"7","Xavier Henry","SF","6-6",220,"March 15 1991","4","University of Kansas","Lakers",-95.24587,38.957351
"257",266,"27","Jordan Hill","C","6-10",235,"July 27 1987","5","University of Arizona","Lakers",-110.950769,32.232071
"258",267,"11","Wesley Johnson","SF","6-7",215,"July 11 1987","4","Syracuse University","Lakers",-76.136738,43.040525
"259",268,"4","Ryan Kelly","PF","6-11",230,"April 9 1991","1","Duke University","Lakers",-78.94226,36.00159
"260",269,"17","Jeremy Lin","PG","6-3",200,"August 23 1988","4","Harvard University","Lakers",-71.118177,42.374429
"261",270,"9","Ronnie Price","PG","6-2",190,"June 21 1983","9","Utah Valley State College","Lakers",-111.717058,40.278512
"262",271,"30","Julius Randle","PF","6-9",250,"November 29 1994","R","University of Kentucky","Lakers",-84.509177,38.032393
"263",272,"50","Robert Sacre","C","7-0",270,"June 6 1989","2","Gonzaga University","Lakers",-117.403062,47.668144
"264",273,"0","Nick Young","SG","6-7",210,"June 1 1985","7","University of Southern California","Lakers",-118.283858,34.021058
"265",274,"3","Dewayne Dedmon","C","7-0",245,"August 12 1989","1","University of Southern California","Magic",-118.283858,34.021058
"266",275,"10","Evan Fournier","SG","6-7",205,"October 29 1992","2","No college / university","Magic",NA,NA
"267",276,"8","Channing Frye","PF","6-11",255,"May 17 1983","8","University of Arizona","Magic",-110.950769,32.232071
"268",277,"0","Aaron Gordon","PF","6-9",220,"September 16 1995","R","University of Arizona","Magic",-110.950769,32.232071
"269",278,"7","Ben Gordon","SG","6-3",200,"April 4 1983","10","University of Connecticut","Magic",-72.249519,41.808205
"270",279,"34","Willie Green","SG","6-4",200,"July 28 1981","11","University of Detroit Mercy","Magic",-83.138369,42.417168
"271",280,"21","Maurice Harkless","SF","6-9",215,"May 11 1993","2","St. John's University","Magic",-73.795301,40.721979
"272",281,"12","Tobias Harris","SF","6-9",235,"July 15 1992","3","University of Tennessee","Magic",-83.929696,35.955093
"273",282,"11","Devyn Marble","SG","6-6",200,"September 21 1992","R","University of Iowa","Magic",-91.535698,41.660695
"274",283,"44","Andrew Nicholson","PF","6-9",250,"December 8 1989","2","St. Bonaventure University","Magic",-78.47586,42.07863
"275",284,"2","Kyle O'Quinn","PF","6-10",250,"March 26 1990","2","Norfolk State University","Magic",-76.26393,36.848262
"276",285,"5","Victor Oladipo","SG","6-4",210,"May 4 1992","1","Indiana University","Magic",-86.526904,39.166383
"277",286,"4","Elfrid Payton","PG","6-4",185,"February 22 1994","R","University of Louisiana at Lafayette","Magic",-92.01941,30.215283
"278",287,"13","Luke Ridnour","PG","6-2",175,"February 13 1981","11","University of Oregon","Magic",-123.07398,44.044515
"279",288,"9","Nikola Vucevic","C","7-0",260,"October 24 1990","3","University of Southern California","Magic",-118.283858,34.021058
"280",289,"7","Al-Farouq Aminu","SF","6-9",215,"September 21 1990","4","Wake Forest University","Mavs",-80.279004,36.135301
"281",290,"5","J.J. Barea","PG","6-0",185,"June 26 1984","8","Northeastern University","Mavs",-71.088782,42.339992
"282",291,"6","Tyson Chandler","C","7-1",240,"October 2 1982","13","No college / university","Mavs",NA,NA
"283",293,"11","Monta Ellis","SG","6-3",185,"October 26 1985","9","No college / university","Mavs",NA,NA
"284",294,"2","Raymond Felton","PG","6-1",205,"June 26 1984","9","University of North Carolina","Mavs",-79.050969,35.912165
"285",295,"20","Devin Harris","PG","6-3",192,"February 27 1983","10","University of Wisconsin","Mavs",-89.405356,43.073858
"286",296,"55","Bernard James","C","6-10",240,"February 7 1985","2","Florida State University","Mavs",-84.294801,30.4421
"287",297,"24","Richard Jefferson","SF","6-7",233,"June 21 1980","13","University of Arizona","Mavs",-110.950769,32.232071
"288",300,"41","Dirk Nowitzki","PF","7-0",245,"June 19 1978","16","No college / university","Mavs",NA,NA
"289",301,"25","Chandler Parsons","SF","6-9",227,"October 25 1988","3","University of Florida","Mavs",-82.361195,29.638248
"290",304,"4","Greg Smith","PF","6-10",250,"January 8 1991","3","California State University Fresno","Mavs",-119.748258,36.814477
"291",306,"3","Charlie Villanueva","PF","6-11",232,"August 24 1984","9","University of Connecticut","Mavs",-72.249519,41.808205
"292",308,"6","Alan Anderson","SG","6-6",220,"October 16 1982","5","Michigan State University","Nets",-84.473639,42.72476
"293",309,"44","Bojan Bogdanovic","SF","6-8",216,"April 18 1989","R","No college / university","Nets",NA,NA
"294",310,"22","Markel Brown","SG","6-3",190,"January 29 1992","R","Oklahoma State University","Nets",-97.069743,36.123085
"295",311,"55","Earl Clark","PF","6-10",225,"January 17 1988","5","University of Louisville","Nets",-85.758843,38.215752
"296",313,"2","Kevin Garnett","PF","6-11",240,"May 19 1976","19","No college / university","Nets",NA,NA
"297",315,"0","Jarrett Jack","PG","6-3",200,"October 28 1983","9","Georgia Institute of Technology","Nets",-84.396019,33.773732
"298",316,"21","Cory Jefferson","PF","6-9",218,"December 26 1990","R","Baylor University","Nets",-97.119359,31.545956
"299",317,"7","Joe Johnson","SG","6-7",240,"June 29 1981","13","University of Arkansas","Nets",-94.178214,36.06153
"300",318,"9","Jerome Jordan","C","7-0",253,"September 29 1986","1","University of Tulsa","Nets",-95.945175,36.151887
"301",319,"10","Sergey Karasev","SG","6-7",208,"October 26 1993","1","No college / university","Nets",NA,NA
"302",320,"47","Andrei Kirilenko","SF","6-9",220,"February 18 1981","12","No college / university","Nets",NA,NA
"303",321,"11","Brook Lopez","C","7-0",275,"April 1 1988","6","Stanford University","Nets",-122.182212,37.431746
"304",322,"14","Darius Morris","PG","6-4",190,"January 3 1991","3","University of Michigan","Nets",-83.74313,42.276172
"305",323,"1","Mason Plumlee","C","6-11",245,"March 5 1990","1","Duke University","Nets",-78.94226,36.00159
"306",324,"33","Mirza Teletovic","PF","6-9",242,"September 18 1985","2","No college / university","Nets",NA,NA
"307",325,"8","Deron Williams","PG","6-3",200,"June 26 1984","9","University of Illinois at Urbana-Champaign","Nets",NA,NA
"308",326,"30","Thaddeus Young","PF","6-8",221,"June 21 1988","7","Georgia Institute of Technology","Nets",-84.396019,33.773732
"309",327,"10","Arron Afflalo","SG","6-5",210,"October 15 1985","7","University of California Los Angeles","Nuggets",-118.443901,34.068892
"310",328,"0","Darrell Arthur","PF","6-9",235,"March 25 1988","5","University of Kansas","Nuggets",-95.24587,38.957351
"311",329,"5","Will Barton","SG","6-6",175,"January 6 1991","2","University of Memphis","Nuggets",-89.982038,35.115934
"312",330,"21","Wilson Chandler","SF","6-8",225,"May 10 1987","7","DePaul University","Nuggets",-87.654116,41.923332
"313",332,"35","Kenneth Faried","PF","6-8",228,"November 19 1989","3","Morehead State University","Nuggets",-83.429742,38.188462
"314",333,"4","Randy Foye","SG","6-4",213,"September 24 1983","8","Villanova University","Nuggets",-75.345457,40.039388
"315",334,"22","Jamaal Franklin","SG","6-5",191,"July 21 1991","1","San Diego State University","Nuggets",-117.071228,32.77525
"316",335,"8","Danilo Gallinari","SF","6-10",225,"August 8 1988","5","No college / university","Nuggets",NA,NA
"317",336,"1","Alonzo Gee","SF","6-6",225,"May 29 1987","5","University of Alabama","Nuggets",-86.63842,34.722818
"318",337,"11","Erick Green","PG","6-4",185,"May 9 1991","R","Virginia Polytechnic Institute and State University","Nuggets",-80.434848,37.237477
"319",338,"14","Gary Harris","SG","6-4",210,"September 14 1994","R","Michigan State University","Nuggets",-84.473639,42.72476
"320",339,"7","J.J. Hickson","C","6-9",242,"September 4 1988","6","North Carolina State University","Nuggets",-78.674517,35.785111
"321",340,"77","Joffrey Lauvergne","C","6-11",220,"September 30 1991","R","No college / university","Nuggets",NA,NA
"322",341,"3","Ty Lawson","PG","5-11",195,"November 3 1987","5","University of North Carolina","Nuggets",-79.050969,35.912165
"323",345,"23","Jusuf Nurkic","C","7-0",280,"August 23 1994","R","No college / university","Nuggets",NA,NA
"324",347,"5","Lavoy Allen","PF","6-9",255,"February 4 1989","3","Temple University","Pacers",-75.158267,39.980943
"325",348,"22","Chris Copeland","SF","6-9",239,"March 17 1984","2","University of Colorado","Pacers",-105.267061,40.004415
"326",349,"13","Paul George","SF","6-9",220,"May 2 1990","4","California State University Fresno","Pacers",-119.748258,36.814477
"327",350,"55","Roy Hibbert","C","7-2",270,"December 11 1986","6","Georgetown University","Pacers",-77.073463,38.908809
"328",351,"3","George Hill","PG","6-3",188,"May 4 1986","6","Indiana University-Purdue University Indianapolis","Pacers",NA,NA
"329",352,"44","Solomon Hill","SF","6-7",225,"March 18 1991","1","University of Arizona","Pacers",-110.950769,32.232071
"330",353,"28","Ian Mahinmi","C","6-11",250,"November 5 1986","6","No college / university","Pacers",NA,NA
"331",354,"0","C.J. Miles","SG","6-6",231,"April 18 1987","9","No college / university","Pacers",NA,NA
"332",356,"9","Damjan Rudez","SF","6-10",228,"June 17 1986","R","No college / university","Pacers",NA,NA
"333",357,"4","Luis Scola","PF","6-9",240,"April 30 1980","7","No college / university","Pacers",NA,NA
"334",358,"15","Donald Sloan","PG","6-3",205,"January 15 1988","3","Texas A&amp;M University","Pacers",-96.340322,30.613226
"335",359,"2","Rodney Stuckey","PG","6-5",205,"April 21 1986","7","Eastern Washington University","Pacers",-117.589371,47.491293
"336",360,"32","C.J. Watson","PG","6-2",175,"April 17 1984","7","University of Tennessee","Pacers",-83.929696,35.955093
"337",361,"21","David West","PF","6-9",250,"August 29 1980","11","Xavier University","Pacers",-84.477648,39.149291
"338",362,"42","Shayne Whittington","PF","6-11",250,"March 27 1991","R","Western Michigan University","Pacers",-85.61512,42.282589
"339",363,"42","Alexis Ajinca","C","7-2",248,"May 6 1988","4","No college / university","Pelicans",NA,NA
"340",364,"33","Ryan Anderson","PF","6-10",240,"May 6 1988","6","University of California","Pelicans",-122.260401,37.871519
"341",365,"3","Omer Asik","C","7-0",255,"July 4 1986","4","No college / university","Pelicans",NA,NA
"342",366,"8","Luke Babbitt","SF","6-9",225,"June 20 1989","4","University of Nevada Reno","Pelicans",-119.821651,39.549352
"343",368,"0","Dante Cunningham","PF","6-8",230,"April 22 1987","5","Villanova University","Pelicans",-75.345457,40.039388
"344",369,"23","Anthony Davis","PF","6-10",253,"March 11 1993","2","University of Kentucky","Pelicans",-84.509177,38.032393
"345",370,"16","Toney Douglas","PG","6-2",195,"March 16 1986","5","Florida State University","Pelicans",-84.294801,30.4421
"346",371,"1","Tyreke Evans","SF","6-6",220,"September 19 1989","5","University of Memphis","Pelicans",-89.982038,35.115934
"347",372,"32","Jimmer Fredette","PG","6-2",195,"February 25 1989","3","Brigham Young University","Pelicans",-111.649281,40.250851
"348",373,"10","Eric Gordon","SG","6-4",215,"December 25 1988","6","Indiana University","Pelicans",-86.526904,39.166383
"349",374,"11","Jrue Holiday","PG","6-4",205,"June 12 1990","5","University of California Los Angeles","Pelicans",-118.443901,34.068892
"350",375,"24","Gal Mekel","PG","6-3",191,"March 4 1988","1","Wichita State University","Pelicans",-97.296733,37.716484
"351",376,"2","Darius Miller","SF","6-8",235,"March 21 1990","2","University of Kentucky","Pelicans",-84.509177,38.032393
"352",379,"15","John Salmons","SF","6-7",210,"December 12 1979","12","University of Miami","Pelicans",-80.27645,25.720406
"353",382,"5","Jeff Withey","C","7-0",231,"March 7 1990","1","University of Kansas","Pelicans",-95.24587,38.957351
"354",384,"50-50-50-50-50-50-50-50-50-50-50","Joel Anthony","C","6-9",245,"August 9 1982","7","University of Nevada Las Vegas","Pistons",-115.141153,36.106994
"355",385,"14","D.J. Augustin","PG","6-0",183,"November 10 1987","6","University of Texas at Austin","Pistons",-97.739429,30.286604
"356",386,"31","Caron Butler","SF","6-7",228,"March 13 1980","12","University of Connecticut","Pistons",-72.249519,41.808205
"357",387,"5","Kentavious Caldwell-Pope","SG","6-5",205,"February 18 1993","1","University of Georgia","Pistons",-83.374049,33.956428
"358",389,"8","Spencer Dinwiddie","PG","6-6",200,"April 6 1993","R","University of Colorado","Pistons",-105.267061,40.004415
"359",390,"0","Andre Drummond","C","6-11",279,"August 10 1993","2","University of Connecticut","Pistons",-72.249519,41.808205
"360",391,"1","Reggie Jackson","PG","6-3",208,"April 16 1990","3","Boston College","Pistons",-71.171488,42.337688
"361",392,"7","Brandon Jennings","PG","6-1",169,"September 23 1989","5","No college / university","Pistons",NA,NA
"362",394,"9","John Lucas III","PG","5-11",165,"November 21 1982","6","Oklahoma State University","Pistons",-97.069743,36.123085
"363",395,"35","Cartier Martin","SF","6-7",220,"November 20 1984","6","Kansas State University","Pistons",-96.581077,39.188616
"364",396,"20","Jodie Meeks","SG","6-4",208,"August 21 1987","5","University of Kentucky","Pistons",-84.509177,38.032393
"365",398,"10","Greg Monroe","PF","6-11",265,"June 4 1990","4","Georgetown University","Pistons",-77.073463,38.908809
"366",400,"25","Kyle Singler","SF","6-8",228,"May 4 1988","2","Duke University","Pistons",-78.94226,36.00159
"367",401,"6","Josh Smith","PF","6-9",225,"December 5 1985","10","No college / university","Pistons",NA,NA
"368",402,"43","Anthony Tolliver","PF","6-8",240,"June 1 1985","6","Creighton University","Pistons",-95.947029,41.265325
"369",404,"5","Bruno Caboclo","SF","6-9",205,"September 21 1995","R","No college / university","Raptors",NA,NA
"370",405,"10","DeMar DeRozan","SG","6-7",220,"August 7 1989","5","University of Southern California","Raptors",-118.283858,34.021058
"371",406,"2","Landry Fields","SF","6-7",210,"June 27 1988","4","Stanford University","Raptors",-122.182212,37.431746
"372",407,"50","Tyler Hansbrough","PF","6-9",250,"November 3 1985","5","University of North Carolina","Raptors",-79.050969,35.912165
"373",408,"44","Chuck Hayes","C","6-6",240,"June 11 1983","9","University of Kentucky","Raptors",-84.509177,38.032393
"374",409,"15","Amir Johnson","PF","6-9",240,"May 1 1987","9","No college / university","Raptors",NA,NA
"375",410,"3","James Johnson","PF","6-9",250,"February 20 1987","5","Wake Forest University","Raptors",-80.279004,36.135301
"376",411,"7","Kyle Lowry","PG","6-0",205,"March 25 1986","8","Villanova University","Raptors",-75.345457,40.039388
"377",412,"92","Lucas Nogueira","C","7-0",220,"July 26 1992","R","No college / university","Raptors",NA,NA
"378",413,"54","Patrick Patterson","PF","6-9",235,"March 14 1989","4","University of Kentucky","Raptors",-84.509177,38.032393
"379",414,"31","Terrence Ross","SF","6-7",195,"February 5 1991","2","University of Washington","Raptors",-122.313115,47.656213
"380",415,"34","Greg Stiemsma","C","6-11",260,"September 26 1985","3","University of Wisconsin","Raptors",-89.405356,43.073858
"381",416,"17","Jonas Valanciunas","C","7-0",255,"May 6 1992","2","No college / university","Raptors",NA,NA
"382",417,"21","Greivis Vasquez","PG","6-6",217,"January 16 1987","4","University of Maryland","Raptors",-76.939704,38.988607
"383",418,"23","Lou Williams","SG","6-1",175,"October 27 1986","9","No college / university","Raptors",NA,NA
"384",419,"1","Trevor Ariza","SF","6-8",215,"June 30 1985","10","University of California Los Angeles","Rockets",-118.443901,34.068892
"385",420,"2","Patrick Beverley","PG","6-1",185,"July 12 1988","2","University of Arkansas","Rockets",-94.178214,36.06153
"386",422,"33","Corey Brewer","SF","6-9",186,"March 5 1986","7","University of Florida","Rockets",-82.361195,29.638248
"387",424,"15","Clint Capela","C","6-10",240,"May 18 1994","R","No college / university","Rockets",NA,NA
"388",426,"8","Joey Dorsey","PF","6-8",268,"December 16 1983","3","University of Memphis","Rockets",-89.982038,35.115934
"389",427,"32","Francisco Garcia","SF","6-7",195,"December 31 1981","9","University of Louisville","Rockets",-85.758843,38.215752
"390",428,"13","James Harden","SG","6-5",220,"August 26 1989","5","Arizona State University","Rockets",-112.073221,33.45343
"391",429,"12","Dwight Howard","C","6-11",265,"December 8 1985","10","No college / university","Rockets",NA,NA
"392",430,"3","Nick Johnson","SG","6-3",202,"December 22 1992","R","University of Arizona","Rockets",-110.950769,32.232071
"393",431,"6","Terrence Jones","PF","6-9",252,"January 9 1992","2","University of Kentucky","Rockets",-84.509177,38.032393
"394",433,"20","Donatas Motiejunas","PF","7-0",222,"September 20 1990","2","No college / university","Rockets",NA,NA
"395",434,"16","Kostas Papanikolaou","SF","6-8",225,"July 31 1990","R","No college / university","Rockets",NA,NA
"396",438,"31","Jason Terry","SG","6-2",185,"September 15 1977","15","University of Arizona","Rockets",-110.950769,32.232071
"397",439,"1","Kyle Anderson","SF","6-9",230,"September 20 1993","R","University of California Los Angeles","Spurs",-118.443901,34.068892
"398",440,"11","Jeff Ayres","PF","6-9",240,"April 29 1987","4","Arizona State University","Spurs",-112.073221,33.45343
"399",441,"16","Aron Baynes","C","6-10",260,"December 9 1986","2","Washington State University","Spurs",-117.158168,46.730448
"400",442,"3","Marco Belinelli","SG","6-5",210,"March 25 1986","7","No college / university","Spurs",NA,NA
"401",443,"15","Matt Bonner","PF","6-10",235,"April 5 1980","10","University of Florida","Spurs",-82.361195,29.638248
"402",445,"33","Boris Diaw","PF","6-8",250,"April 16 1982","11","No college / university","Spurs",NA,NA
"403",446,"21","Tim Duncan","PF","6-11",250,"April 25 1976","17","Wake Forest University","Spurs",-80.279004,36.135301
"404",447,"20","Manu Ginobili","SG","6-6",205,"July 28 1977","12","No college / university","Spurs",NA,NA
"405",448,"14","Danny Green","SG","6-6",215,"June 22 1987","5","University of North Carolina","Spurs",-79.050969,35.912165
"406",450,"5","Cory Joseph","PG","6-3",190,"August 20 1991","3","University of Texas at Austin","Spurs",-97.739429,30.286604
"407",451,"2","Kawhi Leonard","SF","6-7",230,"June 29 1991","3","San Diego State University","Spurs",-117.071228,32.77525
"408",452,"8","Patrick Mills","PG","6-0",185,"August 11 1988","5","Saint Mary's College of California","Spurs",-122.106795,37.83997
"409",453,"9","Tony Parker","PG","6-2",185,"May 17 1982","13","No college / university","Spurs",NA,NA
"410",454,"22","Tiago Splitter","C","6-11",245,"January 1 1985","4","No college / university","Spurs",NA,NA
"411",455,"55","Reggie Williams","SF","6-6",205,"September 14 1986","5","Virginia Military Institute","Spurs",-79.435737,37.790644
"412",456,"30","Earl Barron","C","7-0",250,"August 14 1981","7","University of Memphis","Suns",-89.982038,35.115934
"413",457,"2","Eric Bledsoe","PG","6-1",190,"December 9 1989","4","University of Kentucky","Suns",-84.509177,38.032393
"414",459,"10","Seth Curry","PG","6-2",185,"August 23 1990","1","Duke University","Suns",-78.94226,36.00159
"415",463,"20","Archie Goodwin","SG","6-5",200,"August 17 1994","1","University of Kentucky","Suns",-84.509177,38.032393
"416",464,"14","Gerald Green","SG","6-7",205,"January 26 1986","7","No college / university","Suns",NA,NA
"417",466,"21","Alex Len","C","7-1",260,"June 16 1993","1","University of Maryland","Suns",-76.939704,38.988607
"418",467,"8","Jerel McNeal","PG","6-3",200,"June 1 1987","R","Marquette University","Suns",-87.928121,43.038766
"419",468,"15","Marcus Morris","PF","6-9",235,"September 2 1989","3","University of Kansas","Suns",-95.24587,38.957351
"420",469,"11","Markieff Morris","PF","6-10",245,"September 2 1989","3","University of Kansas","Suns",-95.24587,38.957351
"421",476,"17","P.J. Tucker","SF","6-6",245,"May 5 1985","3","University of Texas at Austin","Suns",-97.739429,30.286604
"422",477,"12","T.J. Warren","SF","6-8",230,"September 5 1993","R","North Carolina State University","Suns",-78.674517,35.785111
"423",480,"12","LaMarcus Aldridge","PF","6-11",240,"July 19 1985","8","University of Texas at Austin","TB",-97.739429,30.286604
"424",482,"88","Nicolas Batum","SF","6-8",200,"December 14 1988","6","No college / university","TB",NA,NA
"425",483,"5","Steve Blake","PG","6-3",172,"February 26 1980","11","University of Maryland","TB",-76.939704,38.988607
"426",484,"18","Victor Claver","SF","6-9",224,"August 30 1988","2","No college / university","TB",NA,NA
"427",485,"23","Allen Crabbe","SG","6-6",210,"April 9 1992","1","University of California","TB",-122.260401,37.871519
"428",487,"19","Joel Freeland","C","6-10",250,"February 7 1987","2","No college / university","TB",NA,NA
"429",489,"35","Chris Kaman","C","7-0",265,"April 28 1982","11","Central Michigan University","TB",-84.775275,43.591137
"430",490,"11","Meyers Leonard","C","7-1",245,"February 27 1992","2","University of Illinois at Urbana-Champaign","TB",NA,NA
"431",491,"0","Damian Lillard","PG","6-3",195,"July 15 1990","2","Weber State University","TB",-111.985572,41.19607
"432",492,"42","Robin Lopez","C","7-0",255,"April 1 1988","6","Stanford University","TB",-122.182212,37.431746
"433",493,"2","Wesley Matthews","SG","6-5",220,"October 14 1986","5","Marquette University","TB",-87.928121,43.038766
"434",494,"3","C.J. McCollum","SG","6-4",200,"September 19 1991","1","Lehigh University","TB",-75.378887,40.607158
"435",496,"1","Dorell Wright","SF","6-7",200,"December 2 1985","10","No college / university","TB",NA,NA
"436",497,"12","Steven Adams","C","7-0",255,"July 20 1993","1","University of Pittsburgh","Thunder",-79.954692,40.444502
"437",499,"4","Nick Collison","PF","6-10",255,"October 26 1980","10","University of Kansas","Thunder",-95.24587,38.957351
"438",500,"35","Kevin Durant","SF","6-9",240,"September 29 1988","7","University of Texas at Austin","Thunder",-97.739429,30.286604
"439",501,"9","Serge Ibaka","PF","6-10",245,"September 18 1989","5","No college / university","Thunder",NA,NA
"440",504,"3","Perry Jones","SF","6-11",235,"September 24 1991","2","Baylor University","Thunder",-97.119359,31.545956
"441",506,"11","Jeremy Lamb","SG","6-5",185,"May 30 1992","2","University of Connecticut","Thunder",-72.249519,41.808205
"442",507,"33","Mitch McGary","PF","6-10",255,"June 6 1992","R","University of Michigan","Thunder",-83.74313,42.276172
"443",508,"2","Anthony Morrow","SG","6-5",210,"September 27 1985","6","Georgia Institute of Technology","Thunder",-84.396019,33.773732
"444",511,"21","Andre Roberson","SG","6-7",210,"December 4 1991","1","University of Colorado","Thunder",-105.267061,40.004415
"445",514,"31","Sebastian Telfair","PG","6-0",165,"June 9 1985","9","No college / university","Thunder",NA,NA
"446",517,"0","Russell Westbrook","PG","6-3",200,"November 12 1988","6","University of California Los Angeles","Thunder",-118.443901,34.068892
"447",518,"12","Jeff Adrien","PF","6-7",245,"February 10 1986","4","University of Connecticut","Timberwolves",-72.249519,41.808205
"448",519,"24","Anthony Bennett","PF","6-8",245,"March 14 1993","1","University of Nevada Las Vegas","Timberwolves",-115.141153,36.106994
"449",521,"7","Lorenzo Brown","PG","6-5",189,"August 26 1990","1","North Carolina State University","Timberwolves",-78.674517,35.785111
"450",522,"10","Chase Budinger","SF","6-7",209,"May 22 1988","5","University of Arizona","Timberwolves",-110.950769,32.232071
"451",524,"5","Gorgui Dieng","C","6-11",241,"January 18 1990","1","University of Louisville","Timberwolves",-85.758843,38.215752
"452",527,"4","Robbie Hummel","SF","6-8",215,"March 8 1989","1","Purdue University","Timberwolves",-86.914435,40.428206
"453",528,"1","Sean Kilpatrick","SG","6-4",210,"January 6 1990","R","University of Cincinnati","Timberwolves",-84.51428,39.131159
"454",529,"8","Zach LaVine","PG","6-5",189,"March 10 1995","R","University of California Los Angeles","Timberwolves",-118.443901,34.068892
"455",530,"23","Kevin Martin","SG","6-7",199,"February 1 1983","10","Western Carolina University","Timberwolves",-83.125447,35.28149
"456",531,"15","Shabazz Muhammad","SG","6-6",223,"November 13 1992","1","University of California Los Angeles","Timberwolves",-118.443901,34.068892
"457",533,"50","Arinze Onuaku","C","6-9",275,"July 13 1987","1","Syracuse University","Timberwolves",-76.136738,43.040525
"458",535,"14","Nikola Pekovic","C","6-11",307,"January 3 1986","4","No college / university","Timberwolves",NA,NA
"459",536,"13","Miroslav Raduljica","C","7-0",250,"January 5 1988","1","No college / university","Timberwolves",NA,NA
"460",538,"9","Ricky Rubio","PG","6-4",194,"October 21 1990","3","No college / university","Timberwolves",NA,NA
"461",539,"32","Ronny Turiaf","C","6-10",249,"January 13 1983","9","Gonzaga University","Timberwolves",-117.403062,47.668144
"462",540,"22","Andrew Wiggins","SG","6-8",199,"February 23 1995","R","University of Kansas","Timberwolves",-95.24587,38.957351
"463",543,"19","Leandro Barbosa","SG","6-3",194,"November 28 1982","11","No college / university","Warriors",NA,NA
"464",544,"40","Harrison Barnes","SF","6-8",210,"May 30 1992","2","University of North Carolina","Warriors",-79.050969,35.912165
"465",545,"12","Andrew Bogut","C","7-0",260,"November 28 1984","9","University of Utah","Warriors",-111.846044,40.762484
"466",546,"30","Stephen Curry","PG","6-3",185,"March 14 1988","5","Davidson College","Warriors",-80.845236,35.500006
"467",547,"31","Festus Ezeli","C","6-11",255,"October 21 1989","1","Vanderbilt University","Warriors",-86.804875,36.14443
"468",548,"23","Draymond Green","PF","6-7",230,"March 4 1990","2","Michigan State University","Warriors",-84.473639,42.72476
"469",549,"7","Justin Holiday","SG","6-6",185,"April 5 1989","1","University of Washington","Warriors",-122.313115,47.656213
"470",550,"9","Andre Iguodala","SG","6-6",207,"January 28 1984","10","University of Arizona","Warriors",-110.950769,32.232071
"471",551,"1","Ognjen Kuzmic","C","7-1",251,"May 16 1990","1","No college / university","Warriors",NA,NA
"472",552,"10","David Lee","PF","6-9",245,"April 29 1983","9","University of Florida","Warriors",-82.361195,29.638248
"473",553,"34","Shaun Livingston","PG","6-7",182,"September 11 1985","9","No college / university","Warriors",NA,NA
"474",554,"20","James Michael McAdoo","PF","6-9",230,"January 4 1993","R","University of North Carolina","Warriors",-79.050969,35.912165
"475",555,"4","Brandon Rush","SG","6-6",210,"July 7 1985","6","University of Kansas","Warriors",-95.24587,38.957351
"476",556,"5","Marreese Speights","PF","6-10",255,"August 4 1987","6","University of Florida","Warriors",-82.361195,29.638248
"477",557,"11","Klay Thompson","SG","6-7",205,"February 8 1990","3","Washington State University","Warriors",-117.158168,46.730448
"478",558,"3","Bradley Beal","SG","6-5",207,"June 28 1993","2","University of Florida","Wizards",-82.361195,29.638248
"479",559,"45","DeJuan Blair","PF","6-7",270,"April 22 1989","5","University of Pittsburgh","Wizards",-79.954692,40.444502
"480",560,"8","Rasual Butler","SF","6-7",215,"May 23 1979","11","La Salle University","Wizards",-75.152996,40.038503
"481",561,"1","Will Bynum","SG","6-0",185,"January 4 1983","7","Georgia Institute of Technology","Wizards",-84.396019,33.773732
"482",562,"90","Drew Gooden","PF","6-10",250,"September 24 1981","12","University of Kansas","Wizards",-95.24587,38.957351
"483",563,"4","Marcin Gortat","C","6-11",240,"February 17 1984","7","No college / university","Wizards",NA,NA
"484",564,"42","Nene Hilario","PF","6-11",250,"September 13 1982","12","No college / university","Wizards",NA,NA
"485",565,"43","Kris Humphries","PF","6-9",235,"February 6 1985","10","University of Minnesota","Wizards",-93.235352,44.977886
"486",568,"34","Paul Pierce","SF","6-7",235,"October 13 1977","16","University of Kansas","Wizards",-95.24587,38.957351
"487",569,"22","Otto Porter","SF","6-8",198,"June 3 1993","1","Georgetown University","Wizards",-77.073463,38.908809
"488",570,"14","Glen Rice","SG","6-6",206,"January 1 1991","1","Georgia Institute of Technology","Wizards",-84.396019,33.773732
"489",571,"13","Kevin Seraphin","C","6-10",278,"December 7 1989","4","No college / university","Wizards",NA,NA
"490",573,"17","Garrett Temple","SG","6-6",195,"May 8 1986","4","Louisiana State University","Wizards",-91.196656,30.552111
"491",574,"2","John Wall","PG","6-4",195,"September 6 1990","4","University of Kentucky","Wizards",-84.509177,38.032393
"492",575,"9","Martell Webster","SF","6-7",230,"December 4 1986","9","No college / university","Wizards",NA,NA
